acc_x, acc_y, angular_z, stamp, 
-0.004954993724822998,-0.0011491775512695312,1.4847397339794653e-10,1738277050357945018
-0.0013890862464904785,0.020516276359558105,1.0919673418027953e-10,1738277050389038253
0.002133011817932129,-0.01911717653274536,9.956003832690605e-07,1738277050449130046
0.010850667953491211,0.011003971099853516,8.56704946772682e-11,1738277050509132913
0.008919358253479004,-0.014254331588745117,6.662873908195889e-11,1738277050540367844
-0.005513370037078857,0.028901219367980957,3.709228109659308e-11,1738277050571813026
-0.007263123989105225,0.00018668174743652344,4.6488675265271216e-11,1738277050599329357
0.0033954977989196777,-0.014521241188049316,4.111459434422912e-11,1738277050629470633
0.006973683834075928,0.016150832176208496,2.0963956822931486e-11,1738277050659395515
-0.011160492897033691,0.017814815044403076,-2.6876898509390172e-11,1738277050689390537
-0.023882806301116943,-0.009150683879852295,-5.289665536777635e-11,1738277050719411913
0.026534676551818848,-0.008769214153289795,9.871574465048436e-07,1738277050749601231
-0.016624629497528076,0.014442205429077148,-2.1995140934055777e-11,1738277050779660291
0.02292400598526001,0.007233142852783203,-2.508343859033953e-11,1738277050811595873
0.006540834903717041,-0.018278896808624268,-5.6128356562370506e-11,1738277050839722846
-0.013260066509246826,0.010557413101196289,-6.771179173719405e-11,1738277050869709826
0.029929161071777344,-0.012879133224487305,-6.96192095383412e-11,1738277050899763071
0.022662222385406494,-0.016387104988098145,-4.7302127623400275e-11,1738277050922158978
-0.010073244571685791,-0.014748871326446533,-8.115679892121443e-07,1738277050958891459
-0.006630361080169678,0.0015829205513000488,-1.747006027394541e-10,1738277050990067413
-0.02458333969116211,1.5020370483398438e-05,-1.919417247353052e-10,1738277051018874886
0.007675766944885254,-0.003681659698486328,-1.2317145680038548e-10,1738277051052016617
0.009125173091888428,0.012506723403930664,-1.2292063822965878e-10,1738277051082491272
-0.0003095865249633789,-0.010493814945220947,-8.154311872407855e-07,1738277051119050465
0.0014019012451171875,-0.0015300512313842773,6.73705752686869e-13,1738277051150101789
0.0229455828666687,0.023690998554229736,-4.750006558174057e-11,1738277051180064768
0.058678269386291504,0.016447722911834717,-3.506874456960523e-11,1738277051211925531
-0.008064091205596924,0.003843069076538086,-9.536976804273033e-07,1738277051243175205
-0.022496461868286133,0.02914530038833618,-3.4213960244984314e-11,1738277051280467899
0.004479169845581055,0.027373433113098145,6.482481716431192e-12,1738277051310368036
0.006129086017608643,0.0038390159606933594,-1.8576650373346018e-11,1738277051340347050
0.031193077564239502,-0.026478111743927002,-9.337764768229635e-07,1738277051372264147
-0.00090789794921875,0.015229880809783936,1.0906291064429773e-10,1738277051410371200
0.028109848499298096,-0.0060752034187316895,2.043894778868054e-10,1738277051440368865
0.04786783456802368,-0.013263583183288574,1.5308462483706794e-10,1738277051470452164
0.04594612121582031,-0.04190486669540405,1.797965975178189e-10,1738277051500481471
-0.004579663276672363,-0.029153645038604736,1.968621410121387e-10,1738277051531693998
-0.022624492645263672,0.010553359985351562,2.967119482469475e-10,1738277051564040833
0.020367562770843506,0.008814811706542969,4.0783344679896064e-10,1738277051590710202
0.020108819007873535,-0.003746330738067627,3.605585322832281e-10,1738277051620607539
-0.012550294399261475,0.01787114143371582,-9.88530897441775e-07,1738277051650742109
-0.005476415157318115,0.018043458461761475,-9.852778504987913e-07,1738277051680971736
0.03590947389602661,-0.0067865848541259766,-9.912771371803228e-07,1738277051711017144
0.014316976070404053,-0.010323584079742432,-1.0271437581151802e-06,1738277051740014902
0.023267805576324463,-0.004889488220214844,5.720865233348784e-10,1738277051772004854
-0.03434324264526367,-0.019158661365509033,6.536758660275631e-10,1738277051803657362
-0.03239089250564575,0.00967949628829956,6.818819317999016e-10,1738277051831149288
0.01437300443649292,0.01142120361328125,5.064869122048447e-10,1738277051861102003
0.016117393970489502,0.00945192575454712,2.7044739618295995e-10,1738277051883502760
-0.0056716203689575195,0.025497078895568848,5.740687545627042e-10,1738277051921054306
0.005060076713562012,0.041463375091552734,3.942574566003218e-10,1738277051951313711
0.04818403720855713,-0.016145288944244385,2.372168188538037e-10,1738277051981192495
0.008449077606201172,0.00900644063949585,2.7036323843623784e-10,1738277052012087235
0.017106473445892334,0.0017760396003723145,-9.418634684669364e-07,1738277052043721496
0.00962132215499878,0.04115420579910278,-1.0742004585899203e-06,1738277052071457416
0.025727927684783936,0.019361436367034912,1.0465108813572696e-10,1738277052101404016
0.041731178760528564,-0.01671469211578369,-4.3067490075711767e-13,1738277052131316351
0.0017559528350830078,-0.022289037704467773,-9.911023030350298e-07,1738277052161390377
-0.018487870693206787,-0.0062906742095947266,-3.0966297275050255e-10,1738277052191613708
-0.05630302429199219,0.01722538471221924,-9.994554888637612e-07,1738277052221444175
0.017400622367858887,0.045819222927093506,-2.5941301249960493e-10,1738277052251955668
-0.01322948932647705,0.022198796272277832,-3.7034465744875673e-10,1738277052283721679
0.006461024284362793,0.004380941390991211,-1.0652941833099765e-06,1738277052311704953
0.003087639808654785,-0.007978379726409912,-2.956648653405401e-10,1738277052341592061
0.023017406463623047,-0.022518932819366455,-9.88063102910583e-07,1738277052371761235
0.02309584617614746,-0.034887492656707764,-6.107014018095193e-11,1738277052401728461
0.0030979514122009277,0.0010777711868286133,-1.437111254294104e-11,1738277052432044777
-0.03481006622314453,0.008609354496002197,-1.0009777951043539e-06,1738277052461815588
-0.032939255237579346,0.02314704656600952,-9.902400437014254e-07,1738277052491905917
-0.014771997928619385,0.009137570858001709,2.939167275251975e-10,1738277052524085502
0.012130200862884521,0.03071141242980957,3.679510281730103e-10,1738277052551943228
0.029979467391967773,-0.02676570415496826,3.2727896266569106e-10,1738277052581906110
-0.009401440620422363,0.0023429393768310547,-9.85608983939507e-07,1738277052612130137
-0.010803759098052979,-0.00022661685943603516,5.667969171419899e-11,1738277052634701637
0.002628803253173828,-0.00045818090438842773,-0.00013764952079610302,1738277052672155747
0.6372284889221191,0.0708804726600647,-0.0027283627135548305,1738277052701015807
0.8796367645263672,0.03388243913650513,0.0639105970894667,1738277052732425045
1.158450961112976,0.24233371019363403,0.16361214278450306,1738277052763759777
1.1645957231521606,0.3178192973136902,0.2545412414922227,1738277052792240272
-0.01768118143081665,0.00693202018737793,0.2848938154550608,1738277052822211004
0.11247193813323975,0.36099326610565186,0.2606416960509834,1738277052844449675
0.5724716782569885,0.3065647482872009,0.3632041000942928,1738277052875094024
0.8215746283531189,-0.007284224033355713,0.4943440044796517,1738277052912375608
0.2645913362503052,0.6911910176277161,0.5138849752330479,1738277052942401724
0.06807106733322144,-0.40229886770248413,0.5653861251629135,1738277052972426011
-0.29459935426712036,-0.3469356894493103,0.5072966003280562,1738277053004660647
0.1600656509399414,0.7524739503860474,0.5145561673226858,1738277053035907277
-0.4055848717689514,0.319755494594574,0.5936633234446829,1738277053062693609
-0.7270345091819763,-0.8008195757865906,0.4968798254262827,1738277053093272476
0.5002837181091309,0.41135019063949585,0.5143741137807674,1738277053123266999
-0.1421811580657959,0.7437100410461426,0.5089683552784013,1738277053152652979
0.19839423894882202,-0.5633446574211121,0.48992539435939336,1738277053182689151
0.11901670694351196,-0.230849027633667,0.5052377173795015,1738277053212833132
-0.32805579900741577,0.7147467732429504,0.46324493516655446,1738277053243662894
-0.2063218355178833,-0.24209564924240112,0.48914080174837216,1738277053275896385
0.41391515731811523,0.25569820404052734,0.5800276584208149,1738277053312949904
-0.08949583768844604,-0.1667117476463318,0.4875720445788378,1738277053343127538
-0.057306766510009766,-0.034229576587677,0.5048224947027786,1738277053372982070
-0.2341020107269287,0.29799091815948486,0.48021994953589087,1738277053403744479
-0.08765417337417603,0.11885744333267212,0.4829247417449485,1738277053434912025
0.1548234224319458,0.1332237720489502,0.5243620712344577,1738277053463065229
-0.30957865715026855,-0.13800615072250366,0.4790490565762351,1738277053493137804
0.5201853513717651,-0.03559458255767822,0.5140705820260216,1738277053523275705
-0.24020832777023315,-0.08184826374053955,0.513803510101402,1738277053543440974
-0.16746056079864502,0.40748465061187744,0.4858374422305709,1738277053583360483
0.23339080810546875,-0.3626329302787781,0.4838237459768951,1738277053613359650
0.017776072025299072,-0.009885668754577637,0.4564149384413405,1738277053643762317
-0.18539410829544067,0.522562563419342,0.4354319739397828,1738277053676805040
-0.11592578887939453,-0.2127285599708557,0.5207661577654885,1738277053703795746
-0.056952059268951416,-0.044668495655059814,0.4981194285311653,1738277053733439008
-0.09522819519042969,0.14934659004211426,0.4678431488704484,1738277053756178892
-0.1647106409072876,-0.21418005228042603,0.5613467156718245,1738277053783721798
0.24787122011184692,0.358828067779541,0.521673551274927,1738277053813606359
-0.19262760877609253,-0.16058725118637085,0.5332793450792207,1738277053843569094
-0.23921018838882446,-0.4838375449180603,0.4990010755305718,1738277053873635808
0.8554229140281677,0.5743902921676636,0.5015621734893878,1738277053903634589
-0.4600103497505188,0.25641703605651855,0.49662460869250424,1738277053933698343
-0.019888103008270264,-0.4249560832977295,0.47043594699476415,1738277053964471239
-0.23757058382034302,0.4413975477218628,0.46975321333792724,1738277053996380311
0.014693021774291992,0.5087834596633911,0.5429590227211692,1738277054024119681
-0.19047105312347412,-0.4363502264022827,0.5294694660241531,1738277054052881096
0.08972537517547607,-0.4034884572029114,0.5207277659520156,1738277054094336666
0.2439955472946167,0.11988657712936401,0.5380159006077598,1738277054124457798
0.007688343524932861,0.34714144468307495,0.492535439410519,1738277054155930182
0.059044718742370605,-0.1031462550163269,0.47862012092361766,1738277054186769975
-0.10929054021835327,0.16304302215576172,0.5333455123826678,1738277054223111579
0.07234454154968262,-0.1619444489479065,0.48079404347205457,1738277054254230766
-0.101962149143219,0.1520165205001831,0.5077255422640757,1738277054284215146
-0.36452698707580566,0.10007208585739136,0.486368306713187,1738277054316503791
0.37181055545806885,0.11187851428985596,0.4947283172571469,1738277054346838580
-0.024646282196044922,0.031464338302612305,0.531281798383921,1738277054384340556
-0.048542022705078125,0.2773815393447876,0.5078688881276031,1738277054414789342
-0.2770141363143921,-0.2231573462486267,0.49369336521048485,1738277054444404683
0.3344660997390747,0.00022238492965698242,0.4776088277663249,1738277054475910991
-0.028373003005981445,0.641355574131012,0.4461350360028729,1738277054507746994
-0.44282060861587524,-0.2843606472015381,0.5180656017531967,1738277054534719243
0.12270611524581909,-0.3008987307548523,0.47490364620415293,1738277054564559556
-0.7568680644035339,0.1980973482131958,0.41470835209528717,1738277054587929279
0.5421913266181946,-0.45453721284866333,0.5847372451120225,1738277054614781668
-0.2699267268180847,0.23003119230270386,0.5380912894587094,1738277054644760096
0.4171002507209778,0.31847715377807617,0.5015160182332703,1738277054674686802
-0.4244990944862366,-0.31081175804138184,0.49565271303061537,1738277054704986589
0.4120327830314636,0.5275255441665649,0.5079923330578181,1738277054733937344
-0.31869935989379883,0.6504421830177307,0.4666419383725124,1738277054764979655
0.1713222861289978,-0.6573837399482727,0.47921836669268386,1738277054796422376
-0.22376114130020142,0.028243839740753174,0.4661456551234133,1738277054828458425
-0.18131840229034424,0.5023414492607117,0.5842690708077899,1738277054855101619
0.11079436540603638,-0.19649213552474976,0.5421498939254247,1738277054885184775
-0.023151755332946777,0.10450637340545654,0.5228174424249725,1738277054915336620
0.19579845666885376,0.40261417627334595,0.5222591568274914,1738277054945295104
-0.3996923565864563,0.05641782283782959,0.4984367056320269,1738277054975089587
0.18249553442001343,-0.16253173351287842,0.5002332504476974,1738277055004122290
-0.44385892152786255,0.1823391318321228,0.4906481792128974,1738277055034893359
0.22058582305908203,0.17825782299041748,0.4515041853088491,1738277055068017502
0.15382492542266846,-0.0008412599563598633,0.5453312789992429,1738277055105590901
-0.08117222785949707,0.21062839031219482,0.5087773273409889,1738277055125281186
0.20558267831802368,0.040096282958984375,0.48803640287199185,1738277055165568390
-0.03818929195404053,0.1077423095703125,0.4959369498322603,1738277055196217799
-0.004271090030670166,0.013058781623840332,0.454316711531231,1738277055228139058
-0.0006271600723266602,-0.06507277488708496,0.527901481380947,1738277055265476111
-0.12782984972000122,0.3577331304550171,0.4829948432378066,1738277055295601305
-0.44891291856765747,0.19640445709228516,0.5022958733441379,1738277055325624436
0.17146670818328857,-0.35172146558761597,0.5054357869683466,1738277055356485787
0.09857672452926636,0.039868295192718506,0.48135930902129687,1738277055388154745
0.36225414276123047,0.2849579453468323,0.5487329914301157,1738277055425726360
-0.2553563714027405,0.08241468667984009,0.48765620239242957,1738277055455778005
0.17187726497650146,-0.41336750984191895,0.47871002668092755,1738277055485799644
0.18137729167938232,0.2582079768180847,0.4797884863460613,1738277055516034404
-0.36496466398239136,0.523586630821228,0.4448363289861531,1738277055548004480
0.1701698899269104,-0.4474695324897766,0.4977031958008854,1738277055578052842
-0.3086068630218506,0.48023176193237305,0.5372343463527254,1738277055606000297
-0.13617748022079468,-0.1377943754196167,0.4554338988977515,1738277055628100816
0.08948910236358643,-0.21108019351959229,0.5249162670550429,1738277055658438728
0.5871824622154236,0.4262582063674927,0.5745730897020832,1738277055686241834
-0.3484933376312256,-0.11582714319229126,0.5121991686281328,1738277055716122720
0.12768805027008057,0.6371082067489624,0.4478535538484334,1738277055739049063
0.04113119840621948,0.527564287185669,0.5587616955233976,1738277055776191730
-0.371160089969635,0.2661663293838501,0.5090432894960955,1738277055806236102
0.18069130182266235,-0.49516648054122925,0.513971871800951,1738277055836378298
-0.3257703185081482,0.0056226253509521484,0.4907606561475118,1738277055867909499
0.11491930484771729,0.47753214836120605,0.5049703518805455,1738277055899118918
-0.22703009843826294,0.07560211420059204,0.5683014259041745,1738277055926466605
0.385015606880188,-0.28123074769973755,0.49825532706695935,1738277055956496021
-0.09716165065765381,0.17018342018127441,0.4320981930477123,1738277055979758944
-0.05027502775192261,0.27095842361450195,0.5258085036148853,1738277056016544985
-0.05093657970428467,0.02271181344985962,0.48700376376983023,1738277056046570151
-0.09950774908065796,0.10774499177932739,0.47360743757019974,1738277056076602978
-0.11525416374206543,0.13017255067825317,0.4351721885515913,1738277056108582376
0.010768234729766846,0.03510099649429321,0.4583378558500729,1738277056140183101
-0.2524058222770691,0.408869206905365,0.5561042573441042,1738277056166707062
-0.4099201560020447,-0.11896282434463501,0.5213428168280869,1738277056196728210
0.598909318447113,-0.3838038444519043,0.5490464383080426,1738277056225867195
-0.17936080694198608,0.5633494853973389,0.4764683076619899,1738277056256809935
0.13283228874206543,0.3220363259315491,0.5064786003771844,1738277056286973539
-0.16072887182235718,-0.44443631172180176,0.4905467277158241,1738277056316983713
0.3920328617095947,0.3201479911804199,0.4980771592798749,1738277056346858482
-0.0198134183883667,0.6335394978523254,0.4598980914281012,1738277056380361281
-0.6038914322853088,-0.4010407328605652,0.5401195194498024,1738277056407049347
0.2998368740081787,-0.21979457139968872,0.503739528255507,1738277056437084151
-0.020665407180786133,0.8787509799003601,0.5385964727960425,1738277056467235341
0.035400986671447754,-0.3857453465461731,0.48818918845184045,1738277056497176224
0.1542724370956421,-0.2560266852378845,0.48107551130065074,1738277056527226982
0.041106581687927246,0.6338120698928833,0.5114490185070096,1738277056556535380
-0.8130541443824768,-0.35081595182418823,0.46229527206470905,1738277056588495841
0.7957513928413391,-0.24449199438095093,0.4778187950202003,1738277056620338205
-0.034953951835632324,-0.7350335717201233,0.5500672553768698,1738277056657481076
0.11028534173965454,0.15850603580474854,0.5579499581359693,1738277056687408623
0.0975847840309143,0.48346447944641113,0.5328824475434961,1738277056717433026
-0.27739572525024414,-0.24074989557266235,0.49370914385297765,1738277056748486092
0.29893243312835693,0.06403368711471558,0.5062273480640338,1738277056779939487
-0.19622433185577393,0.3113844394683838,0.5349146046469293,1738277056807665044
0.24587023258209229,0.03270798921585083,0.4850635016477702,1738277056837801243
-0.1651245355606079,0.0680772066116333,0.48577756122516447,1738277056867670105
-0.1988092064857483,-0.03621572256088257,0.46985865970640966,1738277056897771876
-0.1609055995941162,0.02765810489654541,0.49795385585085455,1738277056927716692
-0.25803834199905396,0.2904655933380127,0.4921294169384283,1738277056958459722
0.17200839519500732,0.2062169909477234,0.5193588405665189,1738277056988633737
-0.07128322124481201,-0.29219430685043335,0.48195268154337273,1738277057019835461
0.22232407331466675,0.11503905057907104,0.4532828939359791,1738277057050439247
-0.16656583547592163,0.5548375844955444,0.5176900563302184,1738277057078461738
0.1689208745956421,-0.07707130908966064,0.47688282536083215,1738277057108640670
-0.12863874435424805,0.43583691120147705,0.44073270562183253,1738277057130426583
-0.40118902921676636,0.22715818881988525,0.5211718829989511,1738277057158613150
0.07839363813400269,-0.48633289337158203,0.48785140935768945,1738277057188801119
-0.04328697919845581,0.6443918943405151,0.5175110997678429,1738277057218580046
-0.17545270919799805,0.655110239982605,0.5539342050945993,1738277057248621312
-0.22527354955673218,-0.5219057202339172,0.5476118787442452,1738277057278558605
0.4695386290550232,-0.12161886692047119,0.5270211583609219,1738277057308578719
-0.2017325758934021,0.6516146659851074,0.4977298261735956,1738277057339957501
0.4067191481590271,-0.24203163385391235,0.4678940302675167,1738277057371104922
-0.24684184789657593,-0.5601068139076233,0.4998948641627582,1738277057399105530
0.17494416236877441,0.05906623601913452,0.4791837055216774,1738277057429732333
-0.27033543586730957,0.5647192001342773,0.5362016334921952,1738277057458686883
-0.1883178949356079,-0.5644486546516418,0.518201896674349,1738277057488792316
-1.7770832777023315,-0.08426779508590698,0.5081265188214856,1738277057517872417
-0.6018132567405701,0.45987385511398315,0.3769739284371021,1738277057548839421
-0.5574813485145569,-0.21216517686843872,0.316295594855902,1738277057580586091
2.0627198219299316,-0.18090778589248657,0.3133164022489225,1738277057612001836
0.3887600898742676,0.24482274055480957,0.43589305939563544,1738277057647845154
0.4069584608078003,0.27711308002471924,0.503615004126208,1738277057678811922
0.35501110553741455,0.06050515174865723,0.5603510236345233,1738277057708031032
-0.02928847074508667,-0.11339616775512695,0.48158972320717697,1738277057739941259
-1.4006565809249878,0.24750083684921265,0.4925631685585902,1738277057772341350
-0.2736450433731079,0.29757416248321533,0.6024004999877054,1738277057809037714
-0.4487270712852478,0.3532381057739258,0.4976012534060321,1738277057838920808
0.03739386796951294,-0.3446630835533142,0.42878641088872377,1738277057869032342
-0.20662754774093628,4.64320182800293e-05,0.4420085216856097,1738277057900341124
0.977115273475647,0.07999956607818604,0.488455082156606,1738277057932231630
-0.31734776496887207,0.3283875584602356,0.5297682106646805,1738277057959200233
0.36137425899505615,0.2345384955406189,0.4827502703095192,1738277057989400369
-0.49785465002059937,0.03938013315200806,0.47290795333226376,1738277058019156899
0.1402432918548584,-0.3638579249382019,0.4917059498300296,1738277058049250558
0.06569451093673706,0.506862223148346,0.5284230512694077,1738277058079243607
-0.19550639390945435,0.20668119192123413,0.4962430465415477,1738277058109344365
0.0326695442199707,-0.4785414934158325,0.4989123566493742,1738277058139947873
0.16931301355361938,0.22339969873428345,0.4691837954820008,1738277058172409512
0.5979400277137756,0.3277115821838379,0.5434728371576847,1738277058199631543
-0.41674619913101196,-0.05184441804885864,0.507858741008911,1738277058229512977
0.05001795291900635,-0.5600825548171997,0.47304527930914525,1738277058259604100
0.05012643337249756,0.4732198715209961,0.4965291587860258,1738277058289818354
0.044558703899383545,0.5083183646202087,0.5271560083778252,1738277058319590098
-0.44219404458999634,-0.5323770046234131,0.5058674223790742,1738277058349654070
0.4729662537574768,0.14104390144348145,0.5138176547683918,1738277058380313526
-0.18088042736053467,0.6828301548957825,0.4882270661664159,1738277058412352001
0.14403480291366577,-0.4823686480522156,0.553750841679902,1738277058439902082
-0.02134484052658081,-0.23813295364379883,0.5101842033520604,1738277058469768375
-0.21295076608657837,0.6788147687911987,0.4690579940692237,1738277058499797964
0.12331092357635498,-0.1220136284828186,0.489423507658101,1738277058530045404
-0.32106369733810425,-0.11338192224502563,0.5285069569832912,1738277058558883242
0.32180386781692505,0.08676785230636597,0.4980827896967905,1738277058589946337
-0.44589489698410034,0.30595260858535767,0.5146421494696722,1738277058620013057
0.24586760997772217,0.2058473825454712,0.47219283548783975,1738277058652160096
-0.3039354085922241,0.12272685766220093,0.49403334081220457,1738277058682620970
0.37922942638397217,-0.03462576866149902,0.5569216152357864,1738277058710091642
-0.06819033622741699,0.15064573287963867,0.48781897234771476,1738277058740101982
0.11817216873168945,0.06376081705093384,0.48687223287111653,1738277058770332656
-0.18107789754867554,-0.1478371024131775,0.5063166687183455,1738277058800181820
-0.15975451469421387,0.04741978645324707,0.4769168039213234,1738277058830986786
-0.1176343560218811,0.5745178461074829,0.5056595061781181,1738277058860525346
0.08353596925735474,0.28844064474105835,0.46572253355336496,1738277058892070605
0.049224913120269775,-0.45295876264572144,0.45915096739664985,1738277058923693604
0.4700842499732971,-0.26230740547180176,0.5550683420005784,1738277058950080974
-0.15590423345565796,0.6405497193336487,0.48133554474831797,1738277058980682891
-0.332663357257843,-0.1379086971282959,0.43047006430937196,1738277059003761620
-0.10082823038101196,-0.3843546509742737,0.5516816627431264,1738277059040723299
0.11665433645248413,0.743889570236206,0.5157023237201799,1738277059070602194
-0.4473540782928467,-0.07778280973434448,0.5304346052017852,1738277059100597807
0.0020362138748168945,-0.4516439437866211,0.4938564170541816,1738277059132211678
0.21216446161270142,0.6958193182945251,0.4799599426031917,1738277059164321913
-0.0090981125831604,0.20600813627243042,0.6118041148897293,1738277059190092166
-0.38383883237838745,-0.39148634672164917,0.4838516378769878,1738277059221297578
0.04380178451538086,0.2797817587852478,0.538749261311493,1738277059249945053
-0.030266880989074707,0.4025402069091797,0.5167644485619685,1738277059279945772
-0.09698659181594849,-0.2722715139389038,0.4805634570578569,1738277059310954267
0.3998194932937622,-0.12372416257858276,0.506170339404176,1738277059341039265
-0.17050701379776,0.43752992153167725,0.4836233683758162,1738277059372428588
0.12719815969467163,-0.15232884883880615,0.48606284150668516,1738277059404634556
-0.07578754425048828,0.08457279205322266,0.5759025135650432,1738277059431166732
0.0188329815864563,0.301474392414093,0.47360301285563844,1738277059461155722
0.25878626108169556,-0.17449986934661865,0.4253191119955233,1738277059484217710
-0.1902180314064026,0.07117384672164917,0.5391828107009758,1738277059521263034
0.06474936008453369,0.18961668014526367,0.4934678676513191,1738277059551230139
-0.08564615249633789,0.08679521083831787,0.5071157660570303,1738277059581258913
-0.18596875667572021,0.10345262289047241,0.4603494751484148,1738277059612554264
-0.018562138080596924,-0.015407979488372803,0.5087609351695709,1738277059643072636
0.14668786525726318,-0.06027334928512573,0.5533548349358188,1738277059671407518
0.030143797397613525,0.08618861436843872,0.48169545715888074,1738277059701435499
0.4350050687789917,0.5381154417991638,0.43757106543163254,1738277059724276759
-0.149294912815094,0.6756620407104492,0.5166946943388502,1738277059761748712
-0.30631762742996216,-0.34070974588394165,0.48068751423314593,1738277059791533137
0.015666186809539795,-0.06883734464645386,0.4859302796234989,1738277059821583292
-0.06346142292022705,0.6275393962860107,0.4704601710676812,1738277059852110608
-0.2250264286994934,-0.036619484424591064,0.4831554141424485,1738277059884799080
-0.42313748598098755,-0.3836301565170288,0.544358874573814,1738277059921690052
0.37329399585723877,-0.12585681676864624,0.5024109482365889,1738277059951748493
0.25285500288009644,0.9310353994369507,0.5174221812570199,1738277059981918523
-0.17754369974136353,-0.33084625005722046,0.46888595818813367,1738277060012746136
0.12960517406463623,-0.3372630476951599,0.4844579583800692,1738277060044034975
0.09087836742401123,0.6469793915748596,0.5396624495825041,1738277060071959130
-0.7364432215690613,-0.1848233938217163,0.4943156393307718,1738277060101955838
0.2759512662887573,-0.3866513967514038,0.5220434908828999,1738277060132095739
-0.5123412013053894,0.7996304035186768,0.5356604435978675,1738277060162194312
0.1738663911819458,0.23488736152648926,0.5441164061674375,1738277060192158922
-0.23888742923736572,-0.5522316694259644,0.5102058484632398,1738277060222126259
0.40064889192581177,0.23575007915496826,0.4754292653312005,1738277060252082010
-0.05838203430175781,0.2752227783203125,0.4583160190799636,1738277060284245636
-0.013247251510620117,-0.0951375961303711,0.4833343381896202,1738277060314704534
-0.03214007616043091,0.18225950002670288,0.5364518412819026,1738277060342392127
-0.1437368392944336,0.15282970666885376,0.49680324962051825,1738277060372361464
-0.15324348211288452,0.10005146265029907,0.49379353961103606,1738277060402389528
-0.03556942939758301,0.2206212878227234,0.5109930227434215,1738277060432463398
0.4587469696998596,0.06600338220596313,0.5166681476838842,1738277060462560179
-0.015370607376098633,-0.05831265449523926,0.5005606205967302,1738277060492701222
0.18152761459350586,-0.29539138078689575,0.46731437131488973,1738277060524688245
-0.03274029493331909,0.4894952178001404,0.4955263415283443,1738277060555138649
0.018490076065063477,0.4534667730331421,0.5284962235751808,1738277060582745540
-0.04771608114242554,-0.6019091010093689,0.49167247790010205,1738277060612665889
0.18536919355392456,0.15556937456130981,0.5027120996443905,1738277060642800200
-0.35833895206451416,0.5730593204498291,0.5081928652429586,1738277060672759624
-0.03706866502761841,-0.5119603276252747,0.49986957023117845,1738277060702986792
0.021373331546783447,0.26698166131973267,0.5106621003073697,1738277060732838049
-0.013432919979095459,0.5894224643707275,0.5051983423398761,1738277060764029350
-0.4362497925758362,-0.21791213750839233,0.46983441041379487,1738277060795365098
0.30636459589004517,-0.16467255353927612,0.5092014396261924,1738277060823635452
-0.14435720443725586,0.5384063124656677,0.49977555090401043,1738277060853610654
-0.14189404249191284,-0.1119539737701416,0.4182705664047523,1738277060876310869
0.5754205584526062,-0.12557119131088257,0.5360727178997845,1738277060913686640
-0.45105719566345215,0.4809491038322449,0.5136890745056352,1738277060943701827
-0.07370281219482422,-0.22354865074157715,0.52888241517846,1738277060973706643
0.08180427551269531,-0.13953697681427002,0.5357748827215083,1738277061004125471
0.17189419269561768,0.6851113438606262,0.4769901956934354,1738277061036707885
-0.07138335704803467,0.07853317260742188,0.5693309084183089,1738277061063729113
0.0748600959777832,-0.37817007303237915,0.5067403694658369,1738277061093751765
-0.03488439321517944,0.28585654497146606,0.49221820630632207,1738277061123739237
-0.11892396211624146,0.21852636337280273,0.5020326694619223,1738277061154011883
-0.05992919206619263,0.012752771377563477,0.48192409330282787,1738277061183934249
-0.1938881278038025,-0.19712966680526733,0.48768016396105224,1738277061213821839
0.14070630073547363,-0.012716531753540039,0.5173094306947805,1738277061244356514
0.21279805898666382,0.11948984861373901,0.48173697569313423,1738277061275857477
-0.11514174938201904,0.21031618118286133,0.530663495143868,1738277061304305779
0.09477901458740234,0.14358490705490112,0.50291350672026,1738277061332889666
0.19337403774261475,0.0591583251953125,0.3711348513944274,1738277061356236551
-0.1510484218597412,0.06357324123382568,0.489860470035167,1738277061384210385
0.17795580625534058,0.19255155324935913,0.49192595369195574,1738277061413963780
-0.2621825933456421,-0.06224304437637329,0.5034859100162109,1738277061444050342
0.44609540700912476,0.16300219297409058,0.5367470778335335,1738277061473985692
-0.11438184976577759,0.44832921028137207,0.495796402523711,1738277061504121287
-0.36985623836517334,-0.2949807643890381,0.49466607499530074,1738277061534029162
-0.21790391206741333,0.038241446018218994,0.4861311092721478,1738277061564519072
-0.6225137710571289,0.4000597596168518,0.4363417969159849,1738277061596831540
0.021098971366882324,-0.12145185470581055,0.4916022370416494,1738277061624130481
-0.04690563678741455,-0.17040443420410156,0.402591545427278,1738277061654338880
0.8660245537757874,0.3360455632209778,0.4243155740995952,1738277061684115888
0.30410557985305786,0.24467206001281738,0.5183750189480847,1738277061714278895
0.3959169387817383,0.3191513419151306,0.5095813832714716,1738277061744533305
-0.5935757160186768,-0.4400859475135803,0.492067908390497,1738277061774242470
0.36325788497924805,-0.2253643274307251,0.5182529693106375,1738277061804337146
-0.3083864450454712,0.8908498883247375,0.49280304894717775,1738277061836295324
0.08389431238174438,-0.12302255630493164,0.5040160902818567,1738277061866775613
-0.09291642904281616,-0.5185103416442871,0.5409336724851491,1738277061904393221
0.15752029418945312,-0.1133001446723938,0.5011101340016526,1738277061934403184
-0.07526403665542603,0.6275554299354553,0.5378892593542534,1738277061963475119
-0.21612334251403809,0.037423014640808105,0.47090615204065084,1738277061996666749
0.0032488107681274414,-0.15254569053649902,0.49847303996357334,1738277062027539905
0.12134039402008057,-0.2346210479736328,0.5801891640613861,1738277062054837579
0.16906428337097168,0.034270405769348145,0.5258699658940692,1738277062084617036
-0.18517690896987915,0.27526235580444336,0.5008319902702333,1738277062114732909
-0.007678091526031494,0.21065133810043335,0.5008324425920567,1738277062144675257
-0.15737301111221313,0.030233383178710938,0.4902943225879324,1738277062174734082
0.2578203082084656,-0.05303597450256348,0.47907192515999303,1738277062204807391
-0.04122757911682129,0.12074124813079834,0.442996336521386,1738277062236987789
0.03510254621505737,0.20473098754882812,0.4638418733443625,1738277062268778129
0.07598298788070679,0.17532110214233398,0.5461026002753109,1738277062305212103
-0.07447987794876099,-0.15175586938858032,0.49640144547591736,1738277062334906098
0.4534398913383484,-0.14291834831237793,0.5109050693273862,1738277062364954364
0.0038350820541381836,0.7737513184547424,0.45393080830492283,1738277062397449208
-0.4702391028404236,-0.048732876777648926,0.45656070070452176,1738277062429436746
0.022867262363433838,-0.35452455282211304,0.5536346559772702,1738277062465532186
-0.03168141841888428,0.22345101833343506,0.5049983103131271,1738277062495238700
0.21285861730575562,0.6310616731643677,0.5226107204431668,1738277062525241584
-0.7387325167655945,-0.2691425681114197,0.486020090574558,1738277062556765161
0.5769690275192261,-0.46006637811660767,0.5012575994399906,1738277062588257002
-0.07151389122009277,0.8553329110145569,0.5763060211236335,1738277062615547904
-0.06885451078414917,-0.052081406116485596,0.47811818683745644,1738277062645401306
0.26687687635421753,0.46739572286605835,0.4288924600135611,1738277062668180126
0.46403151750564575,0.5501411557197571,0.5316195224904811,1738277062705485408
-0.3986120820045471,0.02712005376815796,0.5131799381502076,1738277062734580912
0.1377275586128235,-0.3307926058769226,0.4811022101379558,1738277062765583445
-0.4588351845741272,0.5833679437637329,0.4739981835095845,1738277062796438288
-0.06369525194168091,0.43148696422576904,0.49862301662325,1738277062828466588
0.46725916862487793,0.023375749588012695,0.5908616442984607,1738277062855746001
-0.1910613775253296,-0.2617730498313904,0.4859857578342293,1738277062885779863
-0.029747962951660156,0.0886048674583435,0.491033634850928,1738277062925895358
-0.1712418794631958,0.3710079789161682,0.48199309590170497,1738277062956341301
0.07473832368850708,0.2077067494392395,0.4712429526258964,1738277062988795217
-0.3797127604484558,0.21839112043380737,0.5321936228881449,1738277063016006967
0.13448315858840942,-0.12965577840805054,0.48411094756745626,1738277063045932351
-0.19715923070907593,0.13283121585845947,0.5082075946145287,1738277063076004390
-0.018722593784332275,0.13500887155532837,0.4808071682589405,1738277063105971771
-0.011724352836608887,-0.08904242515563965,0.5006871268000047,1738277063136135157
0.19286680221557617,0.050670325756073,0.4964609967668825,1738277063166396668
-0.09756296873092651,0.2577502131462097,0.4830983492798134,1738277063197212269
0.3989521265029907,0.4762357473373413,0.48471498846439404,1738277063228248125
-0.21838343143463135,0.005614817142486572,0.46438601756804576,1738277063258761293
-0.1527298092842102,-0.2640393376350403,0.5204717558091868,1738277063296590720
-0.03118830919265747,-0.021995723247528076,0.5108291847338811,1738277063326456751
0.1867848038673401,0.544386625289917,0.5213504778704411,1738277063356411457
-0.21209686994552612,0.06646418571472168,0.5036604589261621,1738277063388654094
0.12891405820846558,-0.32171863317489624,0.490876896973315,1738277063419191096
0.13307195901870728,0.37682467699050903,0.5499926889098009,1738277063446471072
-0.26450401544570923,-0.08610892295837402,0.5149370165561797,1738277063476464063
0.2107197642326355,0.39760637283325195,0.4253735402194647,1738277063499531779
-0.19651812314987183,0.6568158864974976,0.5620903681726855,1738277063526584519
-0.05690878629684448,-0.49052125215530396,0.520528529191049,1738277063556685344
0.234258234500885,0.31782305240631104,0.4427890507505647,1738277063579644700
0.3330530524253845,0.717750608921051,0.5756913910043823,1738277063605852294
-0.013369739055633545,-0.26948899030685425,0.4997804138358619,1738277063636700742
0.14756590127944946,-0.013231813907623291,0.523248359796617,1738277063666775605
-0.006141245365142822,0.559525728225708,0.5037418782547621,1738277063696807296
-0.33174312114715576,-0.11252975463867188,0.4930999647273379,1738277063726834987
-0.05251413583755493,-0.0011507868766784668,0.4766761789517761,1738277063756913155
-0.25909262895584106,0.2296958565711975,0.4596924237885397,1738277063788420554
0.13561248779296875,0.12821364402770996,0.47527050716119223,1738277063820258041
-0.16667622327804565,0.217013418674469,0.5779655067454704,1738277063847100888
-0.05106091499328613,-0.2497149109840393,0.5227426552105835,1738277063877233811
-0.10692065954208374,0.02726435661315918,0.5170121444838001,1738277063907066350
0.10413873195648193,0.21713465452194214,0.5229795159626858,1738277063937097508
0.06852352619171143,0.4462534189224243,0.4967641544444185,1738277063967229349
0.1331682801246643,-0.0714842677116394,0.4674945245971532,1738277063997325260
-0.12452423572540283,-0.13910484313964844,0.4749947074686214,1738277064028809441
-0.06434023380279541,0.4666125774383545,0.4825696382473114,1738277064060236822
-0.08950436115264893,0.4083836078643799,0.5334314578393611,1738277064087337746
-0.1142505407333374,-0.5068089962005615,0.4792941768621056,1738277064117749845
0.04194742441177368,0.4282316565513611,0.4328560317408116,1738277064140556112
-0.08919155597686768,0.4845913052558899,0.5468817958442367,1738277064177641702
0.10336542129516602,-0.17266541719436646,0.4825760423043901,1738277064207522696
0.11918503046035767,0.05319148302078247,0.4893526929415741,1738277064237565305
-0.07182544469833374,0.3479359745979309,0.5034871738420055,1738277064268335851
-0.5661553740501404,-0.04575705528259277,0.47549081600118326,1738277064299290452
0.40284043550491333,-0.103424072265625,0.535742824173774,1738277064327835142
0.09868741035461426,0.6230521202087402,0.49920340021466886,1738277064358062458
-0.0807417631149292,0.5951782464981079,0.4888834417992327,1738277064387927226
-0.15627312660217285,-0.5735302567481995,0.5430281775697199,1738277064417776905
0.11809909343719482,0.13793349266052246,0.5254838334116417,1738277064447781465
0.023868024349212646,0.5420992970466614,0.5090094743053181,1738277064477919615
0.006096065044403076,-0.3564850091934204,0.5041412037952875,1738277064508335471
-0.266004741191864,-0.02305835485458374,0.44421148463643917,1738277064541200953
0.13337171077728271,0.7144891619682312,0.5430418819297371,1738277064568273954
-0.322060227394104,0.11861950159072876,0.49208813026215187,1738277064598266423
0.05695587396621704,-0.2977868318557739,0.49624867664471695,1738277064628459561
0.15774065256118774,0.12628251314163208,0.5388699586778409,1738277064658076150
-0.013368368148803711,0.30829399824142456,0.47824567114115274,1738277064688766415
-0.0756826400756836,0.07703286409378052,0.49034853202363576,1738277064718916001
0.17858189344406128,-0.08852499723434448,0.5094437264832969,1738277064748916999
0.08392363786697388,0.007763326168060303,0.47139305583924795,1738277064780308728
-0.06504184007644653,0.2563951015472412,0.5014935484179123,1738277064810780041
0.13917005062103271,0.4526783227920532,0.5148005162822565,1738277064839116951
-0.3335285186767578,-0.07268571853637695,0.4873476290394888,1738277064868900230
0.09491187334060669,-0.3188480734825134,0.5011079031976883,1738277064898997761
-0.35500550270080566,0.5673222541809082,0.5075509645095249,1738277064928995750
-0.03748351335525513,0.36068999767303467,0.5129764791116893,1738277064959201195
-0.05743229389190674,-0.4612821936607361,0.49852349129453244,1738277064989169392
0.17802351713180542,0.11952376365661621,0.4572599779690138,1738277065020322598
-0.13889455795288086,0.38710927963256836,0.47642247392049125,1738277065051441872
0.11722952127456665,-0.28803086280822754,0.5193388131759331,1738277065079052990
-0.012011170387268066,0.26394951343536377,0.49919649562277163,1738277065109004885
0.03524506092071533,0.29798978567123413,0.519240092226517,1738277065139294559
-0.10035103559494019,0.27220863103866577,0.49803573520001454,1738277065169478886
-0.13251137733459473,-0.17704737186431885,0.5207436531338129,1738277065199065030
0.1336084008216858,0.6631487011909485,0.5284095365242434,1738277065229107047
-0.19086802005767822,0.4849015474319458,0.4915393767012014,1738277065260275511
-0.013153612613677979,-0.7805247902870178,0.47197061886913627,1738277065292493977
0.1897566318511963,0.09149998426437378,0.5706955468047046,1738277065319266030
-0.135123610496521,0.7580668926239014,0.5052850926411011,1738277065349359327
0.423423171043396,-0.22446876764297485,0.4338524434197395,1738277065373135091
-0.0986219048500061,0.13441240787506104,0.5822822680434349,1738277065409283695
0.1480696201324463,0.5956487655639648,0.5223784586406868,1738277065439524280
-0.5012851357460022,-0.11584341526031494,0.5019106275045824,1738277065469251109
0.2745465636253357,-0.23759818077087402,0.46855820237140544,1738277065500765102
-0.23921263217926025,0.360866904258728,0.4947701385925677,1738277065532733459
0.2830926775932312,0.16928046941757202,0.5787448929181321,1738277065559294067
-0.15154284238815308,-0.05221843719482422,0.4901531590635373,1738277065589476423
-0.0707349181175232,0.011932671070098877,0.5034805122475358,1738277065619304856
-0.38531458377838135,0.09931862354278564,0.49018073436722465,1738277065649408581
0.2419196367263794,0.05178546905517578,0.5055262670045412,1738277065679410114
-0.1650184988975525,0.4065137505531311,0.49286677174639304,1738277065709449773
0.29699093103408813,-0.00437474250793457,0.4946574939520974,1738277065740325999
-0.08683323860168457,-0.0836871862411499,0.4836673782151115,1738277065772597746
0.1995285153388977,0.4445742964744568,0.5381593572338759,1738277065799636899
-0.2570269703865051,0.03609871864318848,0.5167120512086021,1738277065828648732
0.19631850719451904,-0.2297036051750183,0.4834557549860261,1738277065859692377
-0.16248548030853271,0.16052556037902832,0.4876348968630543,1738277065889897768
-0.15237122774124146,0.32817161083221436,0.5118099136747047,1738277065919909719
-0.18752610683441162,-0.00033473968505859375,0.4890864587181419,1738277065950024157
0.025345146656036377,-0.2554219365119934,0.48894749506343993,1738277065980296530
0.42733192443847656,0.19232040643692017,0.4775642546576617,1738277066013186203
-0.27429914474487305,0.29058098793029785,0.544541282177389,1738277066040052051
0.15847724676132202,-0.26698654890060425,0.48527884878819466,1738277066070014457
-0.10610431432723999,0.6436095833778381,0.4902601601692313,1738277066100103934
-0.09222251176834106,0.44459742307662964,0.47503895556903775,1738277066130168553
0.03553497791290283,-0.5830091238021851,0.5150440268264731,1738277066160108743
-0.13134998083114624,0.28794801235198975,0.510037352847257,1738277066190153852
-0.2212885022163391,0.441803514957428,0.5186004492567697,1738277066220748494
0.010967612266540527,-0.3453962802886963,0.5147565050865998,1738277066252280552
0.11786937713623047,0.11292082071304321,0.555003264074397,1738277066280288385
-0.1964535117149353,0.5231512188911438,0.5277678084384227,1738277066310323316
-0.18130552768707275,-0.3037533164024353,0.45536065517388563,1738277066333144382
-0.06447649002075195,0.3937176465988159,0.4882936405648541,1738277066363045452
-0.04890173673629761,0.14391624927520752,0.5438326118951216,1738277066390624041
-0.19716328382492065,-0.06752562522888184,0.49469131967406094,1738277066420444408
0.039460957050323486,-0.14926248788833618,0.4921795208376281,1738277066450475047
-0.2283322811126709,0.09763669967651367,0.5115813597141758,1738277066480729364
0.05324101448059082,0.2801734209060669,0.4934712352922707,1738277066510566604
-0.21249115467071533,0.05281782150268555,0.5067666847841338,1738277066540570251
0.5318292379379272,0.052514731884002686,0.4720762503291487,1738277066571571349
-0.2285434603691101,0.12507057189941406,0.4438452458077998,1738277066602222224
0.3755626678466797,0.09458279609680176,0.5055463531806048,1738277066630721967
-0.3113214373588562,0.020389914512634277,0.48685180187386295,1738277066660785991
-0.6600606441497803,-0.018949389457702637,0.4956050790797792,1738277066691230069
0.512954592704773,-0.26496821641921997,0.5275925127981078,1738277066720821871
-0.35004937648773193,0.48566293716430664,0.5173628246416266,1738277066749944858
-0.014251649379730225,0.15517282485961914,0.49274875405008645,1738277066781106580
-0.09669196605682373,-0.32793885469436646,0.49382233247846385,1738277066812507720
0.44695210456848145,0.32440251111984253,0.49537294723423514,1738277066844313916
-0.07775157690048218,0.5054121613502502,0.5763517441708773,1738277066871118866
-0.26569557189941406,-0.36405742168426514,0.49348708476280867,1738277066901105171
-0.005360603332519531,0.5507975220680237,0.41206991888484995,1738277066924524755
-0.03745192289352417,0.4958311915397644,0.5313866169730146,1738277066961222067
-0.20690608024597168,-0.21528536081314087,0.49131819217961836,1738277066991199516
0.11652040481567383,0.14548653364181519,0.505169180324499,1738277067021232617
0.08597475290298462,0.27937769889831543,0.4927235017070538,1738277067052695013
-0.6871048808097839,-0.19456321001052856,0.484179204589638,1738277067084359267
0.340633749961853,-0.011179208755493164,0.5846251123213714,1738277067111387550
-0.34092915058135986,0.5899514555931091,0.5083983889977806,1738277067141425361
-0.006277024745941162,-0.0790250301361084,0.49707620201250985,1738277067171458928
-0.14798599481582642,-0.34465867280960083,0.5086516837763443,1738277067201548851
0.32134515047073364,0.4128507971763611,0.4988959882684312,1738277067231534317
-0.1125536561012268,0.08433032035827637,0.5040646277222365,1738277067261608824
-0.09059113264083862,-0.11011010408401489,0.49469456671916884,1738277067291872234
-0.09650278091430664,0.07169902324676514,0.4809117728209699,1738277067324496616
0.1817970871925354,0.15422028303146362,0.5947399455281412,1738277067350949183
-0.16374176740646362,0.39054179191589355,0.4934885419541385,1738277067380779647
-0.11901700496673584,-0.003230452537536621,0.4781000784995189,1738277067411776685
0.4687572717666626,-0.09587711095809937,0.4840112293102417,1738277067442015708
0.09662741422653198,-0.029187560081481934,0.46412151804694435,1738277067472139133
0.14777445793151855,-0.026749491691589355,0.4852164630364105,1738277067501907826
-0.44608694314956665,0.41757476329803467,0.47267660075207,1738277067532410696
-0.03012073040008545,-0.06765580177307129,0.45422221009212677,1738277067564712122
0.23366349935531616,-0.09623593091964722,0.57474439842247,1738277067592138320
0.05678892135620117,0.3705994486808777,0.5012181393611542,1738277067622040861
-0.23993617296218872,-0.40864813327789307,0.44198904098374264,1738277067644471173
0.2114551067352295,0.044451773166656494,0.5407366262779301,1738277067672598036
-0.0808711051940918,0.4660140872001648,0.49792398968018736,1738277067702308346
0.11056578159332275,-0.042978882789611816,0.4960014296770265,1738277067732242629
0.12242001295089722,-0.04539757966995239,0.5038560845898009,1738277067762240336
-0.3411678075790405,0.44565296173095703,0.49750161138461285,1738277067792285684
-0.23442453145980835,-0.4207780361175537,0.5373082624308556,1738277067822275498
-0.5724230408668518,-0.010425925254821777,0.5093979219621428,1738277067852646914
0.44758230447769165,0.7632402181625366,0.4673503358396189,1738277067884538971
-0.5518625378608704,-0.3261476159095764,0.5519609974628353,1738277067912567763
0.36810302734375,-0.26247090101242065,0.49930142407386513,1738277067942532419
-0.07967895269393921,0.8553925156593323,0.5158690680710323,1738277067972493144
0.2856255769729614,-0.05787402391433716,0.49475832658065255,1738277068002599001
-0.3498886227607727,-0.4943917393684387,0.4975396975287071,1738277068032609490
0.35733771324157715,0.28769147396087646,0.52344094052688,1738277068062605752
-0.12166696786880493,0.5236847996711731,0.514312012762747,1738277068091857306
0.0753016471862793,-0.17852121591567993,0.45207508044958816,1738277068125298996
-0.013156592845916748,-0.048913657665252686,0.5152754269737184,1738277068155396282
-0.11104583740234375,0.35711669921875,0.5480596094546821,1738277068182907026
0.07151550054550171,0.12221240997314453,0.5152087145743414,1738277068212910666
-0.15596967935562134,0.2712557911872864,0.49618167568411736,1738277068243183925
0.26337313652038574,0.02249157428741455,0.5108929290851857,1738277068272938210
-0.10347914695739746,0.03314065933227539,0.5131511216239554,1738277068302975576
-0.029525160789489746,0.16150319576263428,0.47578635436508765,1738277068332980659
-0.13960254192352295,0.12631261348724365,0.45593179659698246,1738277068364648672
-0.059285640716552734,-0.056626975536346436,0.48314343834120477,1738277068395632540
0.07892757654190063,-0.043992459774017334,0.525741918365269,1738277068433147991
-0.15041583776474,-0.3369961380958557,0.4824447058348787,1738277068463439719
-0.31277143955230713,0.5309224724769592,0.4724111814921239,1738277068493228711
-1.893715739250183,-0.018042325973510742,0.42918230671820506,1738277068524456513
-0.6076695322990417,-0.4190313220024109,0.3271038899938341,1738277068557019206
-1.2003306150436401,-0.18249082565307617,0.3446728502208259,1738277068583590989
-0.40043532848358154,0.27655094861984253,0.2365643595094658,1738277068613535700
-0.8814534544944763,0.11474609375,0.16425354385798205,1738277068643536199
-0.3605857491493225,-0.2947315573692322,0.10662209784428436,1738277068673459257
-0.8434486389160156,-0.20010459423065186,0.037912360749117816,1738277068703696888
-0.06578868627548218,-0.001083970069885254,0.024316615951725743,1738277068734051893
0.18864303827285767,0.1879076361656189,0.020604567473569053,1738277068764573744
0.5045115947723389,-0.05882936716079712,0.005880923175682236,1738277068797016944
1.2024853229522705,0.1471637487411499,0.07381420945191473,1738277068824127509
1.0139347314834595,0.26499468088150024,0.15494398110845523,1738277068854218986
1.1119285821914673,-0.16457253694534302,0.18944060544339467,1738277068876991901
0.9133569598197937,0.09552133083343506,0.3020662572894832,1738277068904357779
0.008163213729858398,0.22457224130630493,0.32194077308472,1738277068934127442
0.8810983896255493,0.39106935262680054,0.36064860306511887,1738277068964316825
0.4475993514060974,-0.00594562292098999,0.44816757211704994,1738277068984239435
0.5497295260429382,-0.10126632452011108,0.485372717916449,1738277069024493156
0.16148316860198975,0.6067103147506714,0.5175821798681208,1738277069054557192
0.14496159553527832,0.35852640867233276,0.5468977241527807,1738277069084485760
-0.7680513262748718,-0.5098159313201904,0.48747939653751426,1738277069117074609
-0.25052231550216675,-0.5582464337348938,0.5594561703562576,1738277069154414058
-0.4118788242340088,0.3608614206314087,0.514118179635151,1738277069184614158
0.23901307582855225,0.6753096580505371,0.5040636100731121,1738277069214403522
-0.48956048488616943,-0.3716651201248169,0.47730574678144017,1738277069245176744
0.6230318546295166,-0.09700453281402588,0.47311847214496716,1738277069276770614
-0.016431212425231934,0.5134025812149048,0.5689451566184689,1738277069304589105
0.1485196352005005,0.14136618375778198,0.4972898860098699,1738277069334421575
-0.09041130542755127,-0.0705491304397583,0.4790051542945227,1738277069364633397
-0.0752142071723938,0.07968258857727051,0.495983670313371,1738277069394420892
-0.5979706645011902,0.016251862049102783,0.4824322988872756,1738277069424540724
0.07462507486343384,0.016578376293182373,0.5252149326538207,1738277069454535271
-0.040646374225616455,0.514685332775116,0.5170373645135729,1738277069485423099
0.4081926941871643,-0.016120433807373047,0.47273330180997386,1738277069516686014
-0.14058399200439453,-0.2798684239387512,0.4780906163221821,1738277069547460169
-0.02818167209625244,0.5806121826171875,0.5508654462288817,1738277069573884474
-0.25401151180267334,0.17703813314437866,0.4735858045884407,1738277069604734871
0.2231495976448059,0.144214928150177,0.4363080875605257,1738277069627259855
-0.13937723636627197,0.6391558051109314,0.5142578877538391,1738277069655283721
-0.29546058177948,-0.43517249822616577,0.524431591737363,1738277069683889446
-0.20612788200378418,0.37758350372314453,0.43214000875349345,1738277069707487557
-0.29505085945129395,0.675564169883728,0.515975090119211,1738277069745259662
0.27246928215026855,-0.41161125898361206,0.5164278917820967,1738277069775010740
-0.5105615854263306,-0.5695223808288574,0.4966554996338965,1738277069805417745
0.5372253656387329,0.14518457651138306,0.4792688852778761,1738277069836927020
-0.35111087560653687,0.7592321038246155,0.49792282460082243,1738277069867779161
-0.06450629234313965,-0.6025004982948303,0.5174701456334985,1738277069895182534
0.12271833419799805,-0.03815943002700806,0.5072611716242219,1738277069925131220
0.2277427315711975,0.8968430161476135,0.5323455274224388,1738277069955179009
-0.4155650734901428,-0.3805941343307495,0.5340762763502502,1738277069985307602
0.3050541877746582,-0.31268662214279175,0.5424316847486834,1738277070015290059
-0.1494649052619934,0.722288191318512,0.5119352689946264,1738277070045268015
0.060482025146484375,0.020254015922546387,0.45601854251178675,1738277070077019248
-0.07692039012908936,-0.3582001328468323,0.46308649215009373,1738277070108640617
0.04414999485015869,0.5812979340553284,0.5411123099752936,1738277070135451395
-0.17075788974761963,0.10377782583236694,0.4836983748183828,1738277070165524934
-0.14369481801986694,-0.29218071699142456,0.48604548149428134,1738277070195744428
0.009792149066925049,0.11756712198257446,0.5035319051491074,1738277070225540817
-0.30727070569992065,0.21426600217819214,0.5249761035824575,1738277070255769539
0.2079140543937683,0.19030731916427612,0.5314203698392835,1738277070285611097
0.01502084732055664,0.15821683406829834,0.4909532616990837,1738277070316693375
0.3694280982017517,-0.0050765275955200195,0.4671159030950311,1738277070348595917
0.047074854373931885,0.15063560009002686,0.5326643170043427,1738277070376063930
-0.02454453706741333,0.09564149379730225,0.48578131136469155,1738277070405807662
-0.22981935739517212,-0.06710320711135864,0.49351964612557997,1738277070435823356
-0.040224671363830566,0.04611659049987793,0.5434327755234086,1738277070463859030
-0.017664790153503418,0.3739392161369324,0.49088575821621067,1738277070495914607
0.07672876119613647,0.4941052198410034,0.5081037459333823,1738277070525915248
-0.48362576961517334,-0.4205552339553833,0.48754492925180654,1738277070556708296
0.1666942834854126,-0.550683856010437,0.4656702800899179,1738277070589278967
0.2817099690437317,0.5980952978134155,0.5460032452730945,1738277070616164142
0.043295204639434814,0.43806058168411255,0.4918668513469409,1738277070646098988
-0.3259706497192383,-0.47523772716522217,0.4811926626033495,1738277070676300190
0.495847225189209,0.05622512102127075,0.4808839502510332,1738277070706205557
-0.36472243070602417,0.4555853605270386,0.5080077070119826,1738277070736310097
-0.0833403468132019,-0.39714276790618896,0.5117738892812003,1738277070766236028
0.08056175708770752,0.28961479663848877,0.5344517151549453,1738277070796986669
0.2870423197746277,0.37881821393966675,0.509517041086416,1738277070828799288
-0.8060636520385742,-0.36481088399887085,0.5380053485548965,1738277070856650095
0.6936658620834351,-0.11163276433944702,0.5341694442987489,1738277070886420919
-0.2806878089904785,0.4868450164794922,0.5088387570877206,1738277070926700964
0.13910824060440063,0.5956405401229858,0.5052078128513647,1738277070956656366
-0.3612211346626282,-0.31769859790802,0.4671696984680111,1738277070987866308
0.15523368120193481,-0.16277074813842773,0.4570985390083564,1738277071019273782
-0.23171603679656982,0.3409430980682373,0.5777659407703075,1738277071046785641
0.5514842867851257,0.3204877972602844,0.5295555637044769,1738277071075866126
-0.03366959095001221,0.046674370765686035,0.4102377316110725,1738277071099459095
