x, y, th, stamp, 
0.8158287405967712,-4.1092915534973145,-0.7956112547517258,1738277219975495459
0.8158287405967712,-4.1092915534973145,-0.7956112636987234,1738277220025552919
0.8158287405967712,-4.1092915534973145,-0.795611268630982,1738277220065511313
0.8158287405967712,-4.1092915534973145,-0.7956112775352147,1738277220116612996
0.8158287405967712,-4.1092915534973145,-0.7956112863597302,1738277220185541240
0.8158287405967712,-4.1092915534973145,-0.7956112863597302,1738277220215563153
0.8158287405967712,-4.1092915534973145,-0.7956112863597302,1738277220265676345
0.8158287405967712,-4.1092915534973145,-0.7956112863597302,1738277220325493514
0.8158287405967712,-4.1092915534973145,-0.7956112863597302,1738277220375529416
0.8158287405967712,-4.1092915534973145,-0.7956112863597302,1738277220425681729
0.8158287405967712,-4.1092915534973145,-0.7956112863597302,1738277220465780428
0.8158287405967712,-4.1092915534973145,-0.7956112863597302,1738277220515605691
0.8158287405967712,-4.1092915534973145,-0.7956112863597302,1738277220565783190
0.8158287405967712,-4.1092915534973145,-0.7956112863597302,1738277220625280318
0.8158287405967712,-4.1092915534973145,-0.7956112863597302,1738277220675574429
0.8158287405967712,-4.1092915534973145,-0.7956112863597302,1738277220725481238
0.8158287405967712,-4.1092915534973145,-0.7956112863597302,1738277220775485903
0.8158287405967712,-4.1092915534973145,-0.7956112863597302,1738277220825627888
0.8158287405967712,-4.1092915534973145,-0.7956112863597302,1738277220865567561
0.8158287405967712,-4.1092915534973145,-0.7956112863597302,1738277220914923327
0.8158287405967712,-4.1092915534973145,-0.7956112863597302,1738277220965738292
0.8158287405967712,-4.1092915534973145,-0.7956112863597302,1738277221014916396
0.8158287405967712,-4.1092915534973145,-0.7956112863597302,1738277221075155404
0.8158287405967712,-4.1092915534973145,-0.7956112863597302,1738277221125515806
0.8158287405967712,-4.1092915534973145,-0.7956112863597302,1738277221175642338
0.8158287405967712,-4.1092915534973145,-0.7956112863597302,1738277221225502965
0.8158287405967712,-4.1092915534973145,-0.7956112863597302,1738277221265682276
0.8158287405967712,-4.1092915534973145,-0.7956112863597302,1738277221314933444
0.8158287405967712,-4.1092915534973145,-0.7956112863597302,1738277221385879582
0.8158287405967712,-4.1092915534973145,-0.7956112863597302,1738277221425094801
0.8158287405967712,-4.1092915534973145,-0.7956112863597302,1738277221475156860
0.8158287405967712,-4.1092915534973145,-0.7956112863597302,1738277221525639693
0.8158287405967712,-4.1092915534973145,-0.7956112863597302,1738277221575547377
0.8158287405967712,-4.1092915534973145,-0.7956112863597302,1738277221625558508
0.8158287405967712,-4.1092915534973145,-0.7956112863597302,1738277221666544272
0.8158287405967712,-4.1092915534973145,-0.7956112863597302,1738277221715588961
0.8158287405967712,-4.1092915534973145,-0.7956112863597302,1738277221765318518
0.8158287405967712,-4.1092915534973145,-0.7956112863597302,1738277221815236010
0.8158287405967712,-4.1092915534973145,-0.7956112863597302,1738277221861330733
0.8158287405967712,-4.1092915534973145,-0.7956113015843387,1738277221921493251
0.8158287405967712,-4.1092915534973145,-0.7956113381663725,1738277221970519613
0.8158287405967712,-4.1092915534973145,-0.7956113381663725,1738277222026750260
0.8158287405967712,-4.1092915534973145,-0.7956113381663725,1738277222066644692
0.8162059783935547,-4.109635353088379,-0.7959530040216303,1738277222115676345
0.8188745379447937,-4.112127304077148,-0.790590993510553,1738277222165081083
0.8234649896621704,-4.115714073181152,-0.7812362959714986,1738277222215613659
0.8312212228775024,-4.122879981994629,-0.7656885406458575,1738277222275788026
0.8389802575111389,-4.1299147605896,-0.7507754770880632,1738277222325554686
0.8470869064331055,-4.1370530128479,-0.7353464767587685,1738277222375639111
0.8551238775253296,-4.143958568572998,-0.7195703966427998,1738277222425574134
0.8614670634269714,-4.149217128753662,-0.707480975954595,1738277222465534385
0.8689209222793579,-4.155455112457275,-0.6921928673577566,1738277222515750695
0.8764629364013672,-4.16135835647583,-0.6791415060226922,1738277222565619736
0.8842914700508118,-4.167375087738037,-0.6650348480243289,1738277222615461610
0.8944969177246094,-4.174942493438721,-0.6443518189389319,1738277222680682395
0.901237964630127,-4.179950714111328,-0.6317759855276672,1738277222721652103
0.9100804328918457,-4.186165809631348,-0.6164872979931459,1738277222775496247
0.9175745844841003,-4.191210746765137,-0.6036979570411697,1738277222820459177
0.9259348511695862,-4.196579933166504,-0.5888721774525144,1738277222870486402
0.9342207908630371,-4.201921463012695,-0.573450084316161,1738277222920986005
0.9407129287719727,-4.20596170425415,-0.5617427171522563,1738277222959915046
0.9493185877799988,-4.210997581481934,-0.5479912112741117,1738277223010346820
0.9607971906661987,-4.217433452606201,-0.5293231565672498,1738277223075766640
0.9697432518005371,-4.222509384155273,-0.5144020438826895,1738277223125490198
0.9783980250358582,-4.227168560028076,-0.4982989902573782,1738277223175491396
0.9871258735656738,-4.231678009033203,-0.4828339467954793,1738277223226537181
0.9945122599601746,-4.235281467437744,-0.4716656954278255,1738277223265492890
1.003696322441101,-4.2396955490112305,-0.45581841511274185,1738277223315713972
1.0124558210372925,-4.243834495544434,-0.43930821561450656,1738277223365521546
1.0216760635375977,-4.247865676879883,-0.4241362912486288,1738277223415219620
1.032570719718933,-4.252516746520996,-0.4070384891664172,1738277223475627174
1.0415749549865723,-4.25600004196167,-0.39367128976035065,1738277223525559708
1.050270915031433,-4.259495735168457,-0.37821249869694024,1738277223575585610
1.059177279472351,-4.262857913970947,-0.36149321934231915,1738277223626556254
1.0665494203567505,-4.2655110359191895,-0.35033489015085,1738277223665551631
1.0759111642837524,-4.268570899963379,-0.33596027244011145,1738277223715534865
1.087599515914917,-4.272102355957031,-0.3170809769837418,1738277223780826053
1.093414068222046,-4.273979663848877,-0.30636976336911764,1738277223814955838
1.1004581451416016,-4.276200771331787,-0.29258204137450755,1738277223875040687
1.103832721710205,-4.277249336242676,-0.2861729399467674,1738277223925693799
1.1051357984542847,-4.27755880355835,-0.28282133395799214,1738277223975725295
1.1051113605499268,-4.277687072753906,-0.2803051965511362,1738277224020935462
1.1050329208374023,-4.277617931365967,-0.2809432087832078,1738277224065620790
1.1050621271133423,-4.277609825134277,-0.28109552420299183,1738277224114956062
1.105043649673462,-4.2775750160217285,-0.2811839972371614,1738277224165774410
1.1050338745117188,-4.277586936950684,-0.28114314127980705,1738277224214973087
1.105043649673462,-4.277575492858887,-0.28118369406318344,1738277224261486460
1.1050316095352173,-4.277582168579102,-0.28118369406318344,1738277224325825940
1.1063742637634277,-4.277900695800781,-0.28145265065122593,1738277224376238945
1.1100943088531494,-4.27890157699585,-0.27691533552305053,1738277224421413208
1.1155896186828613,-4.280494689941406,-0.2695759382785825,1738277224465420297
1.1232632398605347,-4.282342910766602,-0.25832436078348353,1738277224515228379
1.1322720050811768,-4.283871650695801,-0.24201108192544235,1738277224565502737
1.1442978382110596,-4.285902500152588,-0.22165211452563596,1738277224625033670
1.15392005443573,-4.287467956542969,-0.2057978709745752,1738277224674863553
1.1634024381637573,-4.288797378540039,-0.1909777225120187,1738277224725704125
1.1723629236221313,-4.289927005767822,-0.1757490030333573,1738277224776335727
1.1810396909713745,-4.291614532470703,-0.16219640648817907,1738277224821914597
1.188324213027954,-4.292665958404541,-0.15051347231855694,1738277224865014587
1.1944479942321777,-4.293097972869873,-0.140191867124661,1738277224915092254
1.1984795331954956,-4.293577194213867,-0.13324826433347642,1738277224965050402
1.202492356300354,-4.293957710266113,-0.12756333341288686,1738277225016775408
1.2118395566940308,-4.294053077697754,-0.11320251956786997,1738277225075540344
1.2211344242095947,-4.294328689575195,-0.09827929867081443,1738277225125789187
1.231734037399292,-4.294949531555176,-0.083413586552822,1738277225172647057
1.241593599319458,-4.295468330383301,-0.06977016426147402,1738277225222333636
1.249454379081726,-4.29535436630249,-0.05670128384414081,1738277225265490321
1.258086919784546,-4.295294761657715,-0.0425481162970189,1738277225315683713
1.2671608924865723,-4.29541540145874,-0.028620279502374082,1738277225365301840
1.2760273218154907,-4.29511833190918,-0.01442474255360345,1738277225412357676
1.2881660461425781,-4.294712066650391,0.0027553024014565666,1738277225475158206
1.2973510026931763,-4.294183731079102,0.017726831625321317,1738277225525499790
1.306355357170105,-4.2934160232543945,0.03323770081594408,1738277225573505024
1.3154925107955933,-4.2924652099609375,0.048085268004338745,1738277225623484012
1.3230712413787842,-4.291579723358154,0.06048469518794588,1738277225665508843
1.332160472869873,-4.290386199951172,0.07545805759735093,1738277225714928202
1.3414326906204224,-4.2891316413879395,0.09028747881855688,1738277225765334352
1.350264072418213,-4.287922382354736,0.10560633899701194,1738277225813619949
1.3616489171981812,-4.285962104797363,0.125730671893964,1738277225875644280
1.3708792924880981,-4.284207344055176,0.14145148675653607,1738277225925774272
1.3798964023590088,-4.282370567321777,0.15641522251635023,1738277225973736717
1.3900812864303589,-4.280522346496582,0.1724271577975919,1738277226024508245
1.3981493711471558,-4.278915882110596,0.18460001875259846,1738277226065679275
1.4082385301589966,-4.276872634887695,0.19892727113108266,1738277226115519798
1.421553611755371,-4.273685455322266,0.21748954378613775,1738277226184225945
1.4294419288635254,-4.271733283996582,0.23088028355393655,1738277226226822513
1.4386389255523682,-4.2694196701049805,0.24536437098331992,1738277226276425381
1.4484926462173462,-4.266905307769775,0.2591519067142676,1738277226327512186
1.4575886726379395,-4.264298915863037,0.2734886262955945,1738277226374044113
1.4667913913726807,-4.26151180267334,0.28937207426309686,1738277226424489541
1.4745725393295288,-4.259072303771973,0.3027668228508747,1738277226466514340
1.4837385416030884,-4.255908489227295,0.3176574342817216,1738277226517536993
1.492632269859314,-4.252744197845459,0.332290351789413,1738277226566061641
1.5016818046569824,-4.249154090881348,0.34599828832057405,1738277226615250461
1.5122816562652588,-4.245030403137207,0.36385304492864695,1738277226675933588
1.52125883102417,-4.241421699523926,0.3796397817953155,1738277226725683547
1.5306041240692139,-4.237485885620117,0.39376888490603057,1738277226774949575
1.53960120677948,-4.233421802520752,0.40773515518447273,1738277226825601766
1.546541690826416,-4.230204105377197,0.4195867405399973,1738277226865761986
1.555370807647705,-4.2261247634887695,0.4369827497247417,1738277226915869401
1.5639472007751465,-4.221901893615723,0.45268379312494145,1738277226965634097
1.5743550062179565,-4.2164154052734375,0.47018322006107244,1738277227025734147
1.583306908607483,-4.211540699005127,0.48468984067307797,1738277227076149713
1.5919523239135742,-4.2068352699279785,0.49992338558124494,1738277227125509838
1.6002885103225708,-4.202022075653076,0.5157060556564549,1738277227175528956
1.6091477870941162,-4.196703910827637,0.5298025285887723,1738277227225522652
1.6161161661148071,-4.192478179931641,0.5413170852652883,1738277227265788131
1.6245336532592773,-4.187098503112793,0.5559725926478234,1738277227315874467
1.6325533390045166,-4.181828022003174,0.5709578903796263,1738277227365135921
1.642403244972229,-4.17527437210083,0.5889100480458406,1738277227425668613
1.6505799293518066,-4.16944694519043,0.603574347733084,1738277227475942884
1.6589441299438477,-4.16342830657959,0.6175631842990091,1738277227525506339
1.6669809818267822,-4.157360076904297,0.6321173895422616,1738277227575684544
1.6747862100601196,-4.151376724243164,0.6479394549785872,1738277227625520062
1.6807525157928467,-4.146557807922363,0.6598974421885191,1738277227665527768
1.6882915496826172,-4.140453815460205,0.6750578859258034,1738277227716567130
1.6956688165664673,-4.134173393249512,0.689968635065421,1738277227765058755
1.7048044204711914,-4.126341819763184,0.707978127702119,1738277227825208222
1.7107092142105103,-4.121064186096191,0.7200049315860516,1738277227864937125
1.7193572521209717,-4.113222122192383,0.737828767067244,1738277227925509352
1.7263123989105225,-4.106475353240967,0.7527476025582094,1738277227975630534
1.7335838079452515,-4.099467754364014,0.7676515421051892,1738277228025646706
1.7392950057983398,-4.093722343444824,0.779742105184693,1738277228065547517
1.7461084127426147,-4.086504936218262,0.7942072263457226,1738277228115581606
1.7557555437088013,-4.076042652130127,0.8130156858563291,1738277228184897884
1.7597960233688354,-4.071690559387207,0.821288277374248,1738277228215374940
1.7674654722213745,-4.063104629516602,0.8404187397455226,1738277228275809751
1.7738561630249023,-4.05558967590332,0.8557871082536507,1738277228325732046
1.7801470756530762,-4.0481085777282715,0.8702362801875693,1738277228375577215
1.786349892616272,-4.040268898010254,0.8843936198778269,1738277228425516684
1.7912719249725342,-4.034026622772217,0.8973350081678283,1738277228465682464
1.797309398651123,-4.026299953460693,0.9140744620692959,1738277228514977604
1.805725336074829,-4.014947414398193,0.9357369947512527,1738277228585697708
1.8092286586761475,-4.010040760040283,0.9450488605248214,1738277228614844065
1.8157716989517212,-4.000482559204102,0.963406477963111,1738277228675700393
1.821243405342102,-3.992077350616455,0.9789683716140805,1738277228725686327
1.826541543006897,-3.983646869659424,0.9936928231545333,1738277228775545701
1.8317915201187134,-3.9751603603363037,1.007997300928009,1738277228825622743
1.8358399868011475,-3.9685027599334717,1.0193414727004786,1738277228865536232
1.840122938156128,-3.960881233215332,1.0325837209229376,1738277228915621911
1.846864104270935,-3.9489243030548096,1.0531682621345242,1738277228986154691
1.8500746488571167,-3.942898750305176,1.0633241189439027,1738277229025954446
1.852676510810852,-3.9379677772521973,1.072832498903642,1738277229075449391
1.8543039560317993,-3.935159683227539,1.0787219014864153,1738277229125532102
1.854766607284546,-3.934175491333008,1.0800657273750238,1738277229175745950
1.8547184467315674,-3.934393882751465,1.0800657273751137,1738277229227531831
1.8546751737594604,-3.9345765113830566,1.079659894646956,1738277229266672041
1.8551247119903564,-3.9335813522338867,1.0797932792904992,1738277229315631878
1.8568415641784668,-3.9300336837768555,1.0845510140028565,1738277229365030896
1.8596006631851196,-3.924424648284912,1.0941590307142568,1738277229415150079
1.8639662265777588,-3.9155454635620117,1.1084000419779536,1738277229475757520
1.868340253829956,-3.9061062335968018,1.1235354564261657,1738277229525158389
1.8729501962661743,-3.896016836166382,1.1383740762946306,1738277229575824011
1.8765361309051514,-3.8876190185546875,1.1509207436330444,1738277229620662341
1.8804532289505005,-3.8785855770111084,1.1664095845418667,1738277229673540925
1.8839304447174072,-3.8698196411132812,1.1813968393849914,1738277229719623410
1.8868430852890015,-3.862190008163452,1.1951472560073966,1738277229761592481
1.8908259868621826,-3.8518311977386475,1.210501765643245,1738277229815030821
1.8945839405059814,-3.84061598777771,1.2279223168107862,1738277229875766878
1.897839069366455,-3.8312089443206787,1.243988766076554,1738277229925529738
1.900768518447876,-3.821810007095337,1.260266421311584,1738277229975608957
1.9036362171173096,-3.812130928039551,1.275120447282912,1738277230026560428
1.9057637453079224,-3.804431438446045,1.2864547446597079,1738277230065587642
1.9083563089370728,-3.795107364654541,1.3014810570601227,1738277230114907307
1.910546064376831,-3.785903215408325,1.3166985709709784,1738277230165718060
1.9127098321914673,-3.777043581008911,1.3311679456706202,1738277230215323805
1.914406418800354,-3.7695181369781494,1.3430898081555094,1738277230275037275
1.915862798690796,-3.7628872394561768,1.351449744332105,1738277230324962601
1.9175608158111572,-3.753300428390503,1.3659678334389902,1738277230375665337
1.9195125102996826,-3.7433245182037354,1.3828959436908252,1738277230425590185
1.9210141897201538,-3.7341551780700684,1.3957082410460488,1738277230464847324
1.922760248184204,-3.7228360176086426,1.4116582489361695,1738277230520730899
1.9238051176071167,-3.715118646621704,1.4230684500373603,1738277230561731250
1.9249920845031738,-3.7062995433807373,1.4366751606734416,1738277230610538638
1.9264228343963623,-3.6929004192352295,1.4575441066003219,1738277230680815518
1.9271628856658936,-3.6846165657043457,1.4685993085262359,1738277230720626922
1.9280868768692017,-3.674225091934204,1.482712579124666,1738277230770721097
1.928675889968872,-3.6645100116729736,1.4976784955882123,1738277230821567593
1.9291341304779053,-3.654799461364746,1.5131979865860912,1738277230870524688
1.9295508861541748,-3.6456243991851807,1.5273899030594,1738277230916697291
1.9297789335250854,-3.6355907917022705,1.5422487440291333,1738277230964978612
1.9298136234283447,-3.6258742809295654,1.5574882295820653,1738277231015499375
1.9298124313354492,-3.615940570831299,1.5736598288043637,1738277231066606807
1.9295189380645752,-3.604219436645508,1.5912719713309804,1738277231125732664
1.9290287494659424,-3.5941216945648193,1.6052674744046787,1738277231175568036
1.9284756183624268,-3.5844311714172363,1.6199354192252937,1738277231226459353
1.9280277490615845,-3.57716965675354,1.6309708476550466,1738277231265779539
1.9275572299957275,-3.570587158203125,1.64189939420656,1738277231315793497
1.9272747039794922,-3.5660288333892822,1.650399062695876,1738277231381690355
1.9270961284637451,-3.5651040077209473,1.6519407609199825,1738277231416568633
1.9271358251571655,-3.5649447441101074,1.652943905313591,1738277231475258027
1.92684006690979,-3.563246726989746,1.6530821664231994,1738277231525030115
1.9263296127319336,-3.5581846237182617,1.6583069585840189,1738277231575803570
1.9256078004837036,-3.551652193069458,1.6671016888436958,1738277231620885351
1.9245272874832153,-3.543370246887207,1.6786715277844069,1738277231665273562
1.9232869148254395,-3.5332133769989014,1.6944423561832902,1738277231714911608
1.9217231273651123,-3.5226311683654785,1.7105946302455395,1738277231766822586
1.9198654890060425,-3.5105252265930176,1.7287002058894463,1738277231824941504
1.918056607246399,-3.500783920288086,1.7436536279009855,1738277231875662430
1.9161583185195923,-3.491081953048706,1.7582454716313582,1738277231925148114
1.9141544103622437,-3.4814884662628174,1.7730951053114956,1738277231975966245
1.912277340888977,-3.473217010498047,1.785500865588502,1738277232022546655
1.9110227823257446,-3.46761417388916,1.7955791954852387,1738277232065719225
1.9096484184265137,-3.461998701095581,1.804299210011523,1738277232115722750
1.9070993661880493,-3.452975273132324,1.8170365561123352,1738277232165344286
1.9043138027191162,-3.4429562091827393,1.8336052474520588,1738277232216613732
1.9003292322158813,-3.4297902584075928,1.8529348943934407,1738277232275774352
1.8971521854400635,-3.4195594787597656,1.8665546807730657,1738277232325066783
1.894049882888794,-3.4101738929748535,1.880109856588273,1738277232375913091
1.8911346197128296,-3.4018046855926514,1.8928282682342397,1738277232422168343
1.8882999420166016,-3.393765449523926,1.9063047491412597,1738277232465126850
1.8846811056137085,-3.383918523788452,1.9210953763982936,1738277232516373594
1.880600929260254,-3.37361216545105,1.9337748004685464,1738277232565174944
1.875930666923523,-3.362091064453125,1.9508287587385054,1738277232625225574
1.8730729818344116,-3.3552093505859375,1.9627743893056313,1738277232662806445
1.8676798343658447,-3.3431215286254883,1.9824611224204471,1738277232724846973
1.8636027574539185,-3.3339626789093018,1.9961758542639836,1738277232772683777
1.8590549230575562,-3.324514150619507,2.0117024825693255,1738277232822558728
1.8549296855926514,-3.3164756298065186,2.0257391101012647,1738277232865573468
1.8499873876571655,-3.3067686557769775,2.0418968985976043,1738277232915596556
1.8448435068130493,-3.29720401763916,2.056421134009609,1738277232965585719
1.8397119045257568,-3.288264513015747,2.0702001315395493,1738277233013326656
1.8332678079605103,-3.2770943641662598,2.089342740160906,1738277233075502096
1.8278201818466187,-3.268239736557007,2.1044928995216403,1738277233125568583
1.8222925662994385,-3.259312629699707,2.117799208928623,1738277233173736639
1.816383719444275,-3.2499749660491943,2.132260445713144,1738277233223700824
1.8113694190979004,-3.242467164993286,2.14475256850245,1738277233265567552
1.8053556680679321,-3.2334086894989014,2.161123674917405,1738277233316565376
1.7991204261779785,-3.2244908809661865,2.1762368636352285,1738277233365177289
1.7926691770553589,-3.215641736984253,2.189089208503359,1738277233413403300
1.7842612266540527,-3.2047204971313477,2.207337369483732,1738277233475894588
1.7773183584213257,-3.195580005645752,2.2225585603786753,1738277233527595598
1.7701241970062256,-3.1868386268615723,2.235350213244722,1738277233574639907
1.7629581689834595,-3.177891492843628,2.2493720104006454,1738277233624828024
1.7569693326950073,-3.170799732208252,2.2620845687890183,1738277233665571311
1.7493032217025757,-3.1621711254119873,2.2776670705273765,1738277233715742500
1.7416369915008545,-3.153294801712036,2.292927953100608,1738277233767737645
1.7338365316390991,-3.145010232925415,2.3074245061610843,1738277233813386217
1.7255975008010864,-3.136186361312866,2.322828093830456,1738277233864083742
1.7151676416397095,-3.12545108795166,2.340421956847246,1738277233927147863
1.7069501876831055,-3.117568254470825,2.3544349327259124,1738277233974571818
1.6984561681747437,-3.109405517578125,2.3691814839872802,1738277234024559906
1.6912494897842407,-3.102595329284668,2.3821902774495918,1738277234066563083
1.6823660135269165,-3.094536542892456,2.3977064386858897,1738277234117569905
1.6731641292572021,-3.086367130279541,2.413065866800859,1738277234168051272
1.6623440980911255,-3.0772042274475098,2.431051706078617,1738277234226339852
1.6531864404678345,-3.069749116897583,2.4463468015167944,1738277234274947863
1.6437116861343384,-3.0621392726898193,2.4606249541768292,1738277234325304387
1.6342536211013794,-3.054884910583496,2.4750365661267653,1738277234375725476
1.624639630317688,-3.0477521419525146,2.4900354707836625,1738277234425602412
1.6169096231460571,-3.042006015777588,2.5011223049147424,1738277234465691502
1.6065336465835571,-3.0347070693969727,2.5151084863779216,1738277234516013224
1.5961322784423828,-3.0277035236358643,2.529996225299042,1738277234565362496
1.5836814641952515,-3.019113540649414,2.5500057989009255,1738277234625137614
1.5748897790908813,-3.0136406421661377,2.561617441008684,1738277234665200237
1.5619417428970337,-3.0056357383728027,2.5798892514958376,1738277234725150746
1.5513311624526978,-2.9992730617523193,2.5960289860827013,1738277234775721770
1.540591835975647,-2.993025302886963,2.6107330234656887,1738277234826656181
1.5315604209899902,-2.9879393577575684,2.6227016762037496,1738277234866573823
1.520363450050354,-2.9819204807281494,2.636531990985734,1738277234916636009
1.5042126178741455,-2.973365306854248,2.65635872711555,1738277234985548230
1.4950305223464966,-2.968782901763916,2.668374550631313,1738277235026483885
1.4834033250808716,-2.9632065296173096,2.682843711535753,1738277235075326183
1.4720265865325928,-2.957779884338379,2.6991778373126905,1738277235125679309
1.4604054689407349,-2.952704429626465,2.71400020858301,1738277235175717275
1.4485960006713867,-2.947620153427124,2.7287151274612094,1738277235226593980
1.4393869638442993,-2.943765640258789,2.741481256829844,1738277235266695731
1.4273521900177002,-2.9391136169433594,2.7564821199662197,1738277235316656854
1.4151153564453125,-2.934478759765625,2.771346093501582,1738277235365761596
1.4008105993270874,-2.9292943477630615,2.7900099785691936,1738277235425514386
1.3906985521316528,-2.925774574279785,2.802532709116033,1738277235466077916
1.377501368522644,-2.9215450286865234,2.8194258190090187,1738277235525625298
1.3692963123321533,-2.9190316200256348,2.8306041332185012,1738277235575829258
1.363645315170288,-2.917173147201538,2.839549028534925,1738277235626707831
1.360438585281372,-2.9163637161254883,2.842960560947626,1738277235665593688
1.3582733869552612,-2.915595054626465,2.8466021920242373,1738277235716931430
1.357955813407898,-2.915475606918335,2.8490459805152253,1738277235765702796
1.355829119682312,-2.9150474071502686,2.8493261212460292,1738277235825576039
1.3503726720809937,-2.9136459827423096,2.8524418254372264,1738277235875748447
1.3428508043289185,-2.9114115238189697,2.859775029476744,1738277235925566689
1.333173394203186,-2.9089856147766113,2.869834910300909,1738277235975643381
1.3213266134262085,-2.905874490737915,2.8827307308066787,1738277236026750784
1.3112956285476685,-2.9035420417785645,2.894943459834149,1738277236065744390
1.296663522720337,-2.9002864360809326,2.9109719181614695,1738277236114983665
1.2772557735443115,-2.8962340354919434,2.9328474457379077,1738277236186487330
1.268937349319458,-2.8948681354522705,2.9422225818818775,1738277236216009899
1.2526400089263916,-2.891979932785034,2.959656508779398,1738277236275656316
1.2390961647033691,-2.889869451522827,2.9743344791505226,1738277236325511244
1.2250527143478394,-2.887791872024536,2.988786006533831,1738277236375736563
1.2109880447387695,-2.8859405517578125,3.0038022849192965,1738277236426679300
1.1996196508407593,-2.884753465652466,3.016385551568056,1738277236466762403
1.1851778030395508,-2.883247137069702,3.0323209641587376,1738277236514969124
1.1705296039581299,-2.8821659088134766,3.047899488778857,1738277236565579458
1.1533855199813843,-2.880871057510376,3.0673093843009918,1738277236626123961
1.1416740417480469,-2.88028883934021,3.078233234582086,1738277236665970779
1.124404788017273,-2.8795647621154785,3.0939283443235306,1738277236725762224
1.1100541353225708,-2.8791937828063965,3.107943538314696,1738277236776793824
1.0955278873443604,-2.8790926933288574,3.120866301196635,1738277236826645110
1.083695650100708,-2.878936290740967,3.1328117834175893,1738277236866653774
1.0690350532531738,-2.879387378692627,-3.1341362000529784,1738277236915031026
1.0542285442352295,-2.8795509338378906,-3.1187279263506102,1738277236965864342
1.0365266799926758,-2.880439519882202,-3.1002039953874454,1738277237026483701
1.024656057357788,-2.8812239170074463,-3.087091687210698,1738277237066059835
1.0068962574005127,-2.8827626705169678,-3.0706872916495924,1738277237125622397
0.9922735691070557,-2.884168863296509,-3.0563104175452764,1738277237176587704
0.9772425293922424,-2.8856704235076904,-3.039489033447285,1738277237226804502
0.9648289680480957,-2.887195110321045,-3.027694718442864,1738277237267723742
0.9498416185379028,-2.8891494274139404,-3.0128326239193117,1738277237316115981
0.9362098574638367,-2.891390323638916,-2.998413307670661,1738277237362119486
0.9217413067817688,-2.893678903579712,-2.9845175670519377,1738277237411109302
0.9055629968643188,-2.8968944549560547,-2.9689221625199194,1738277237465670232
0.8875886797904968,-2.900216817855835,-2.9507914078637985,1738277237525545524
0.8721133470535278,-2.9037859439849854,-2.9360504087360377,1738277237575780750
0.857131838798523,-2.9070887565612793,-2.920596838951872,1738277237626572448
0.8449479341506958,-2.910068988800049,-2.908825413976313,1738277237666640712
0.8298366069793701,-2.914215087890625,-2.8947148791737445,1738277237714996711
0.8152036070823669,-2.9180123805999756,-2.8802657059253174,1738277237765699059
0.800495982170105,-2.9223713874816895,-2.8651938153447856,1738277237819031908
0.7860272526741028,-2.9269957542419434,-2.8501660493364547,1738277237866654953
0.7742806077003479,-2.9306986331939697,-2.8370595144715245,1738277237905897162
0.7542051672935486,-2.937429666519165,-2.8166036249565267,1738277237976659521
0.7407858371734619,-2.942366123199463,-2.8014530308870405,1738277238028442565
0.7323414087295532,-2.945394277572632,-2.7914469163263043,1738277238066618819
0.7217811942100525,-2.949718475341797,-2.781373027864626,1738277238115012076
0.7077839970588684,-2.9554240703582764,-2.769697308266036,1738277238164944673
0.6942737698554993,-2.960770845413208,-2.7567193811532946,1738277238210489243
0.6781720519065857,-2.9678781032562256,-2.7423849765029678,1738277238261813740
0.6604008078575134,-2.9755566120147705,-2.7231049562786867,1738277238321273301
0.6462332010269165,-2.982429027557373,-2.708103231913465,1738277238369867192
0.6315791010856628,-2.9896883964538574,-2.6910321829329304,1738277238421472586
0.6171310544013977,-2.9969208240509033,-2.6762399347986245,1738277238470802757
0.6023133397102356,-3.004757881164551,-2.662616257117295,1738277238520808592
0.5907722115516663,-3.011063814163208,-2.6519884823733904,1738277238560790546
0.5765482783317566,-3.018796920776367,-2.6379533280467435,1738277238610725773
0.5608513951301575,-3.0280117988586426,-2.620951528099972,1738277238667583474
0.5441570281982422,-3.0381126403808594,-2.602280362121114,1738277238725588644
0.5300313830375671,-3.0469725131988525,-2.5887720436306485,1738277238775715158
0.5165008902549744,-3.055511474609375,-2.5727476814554153,1738277238827696120
0.5058843493461609,-3.0627241134643555,-2.560464635701472,1738277238866189545
0.4922242760658264,-3.072150707244873,-2.5467114377656266,1738277238915550287
0.47804513573646545,-3.082115650177002,-2.530821060591967,1738277238966716214
0.4640820026397705,-3.0922958850860596,-2.5164313951265354,1738277239015548689
0.4506808817386627,-3.102400064468384,-2.50029346892465,1738277239066038786
0.44003430008888245,-3.110726833343506,-2.487037686245004,1738277239105897541
0.4216458797454834,-3.125883102416992,-2.46676452118696,1738277239176834495
0.4098508656024933,-3.135427236557007,-2.4535026526206405,1738277239221441235
0.39825868606567383,-3.1457438468933105,-2.4427749327763295,1738277239266364415
0.38559895753860474,-3.156766176223755,-2.427867925699987,1738277239316787383
0.37272194027900696,-3.168630599975586,-2.4133281998623772,1738277239365740681
0.35754668712615967,-3.18272066116333,-2.395339410781172,1738277239426587756
0.3451465666294098,-3.194734573364258,-2.38089194075179,1738277239476002739
0.33331599831581116,-3.2066071033477783,-2.3663876819518084,1738277239526394642
0.3213905394077301,-3.218754291534424,-2.3503177110664653,1738277239576464439
0.31052160263061523,-3.2304556369781494,-2.335100675696605,1738277239622821253
0.30026474595069885,-3.2418017387390137,-2.3212365518719404,1738277239665906128
0.28851670026779175,-3.2547495365142822,-2.3056122857113905,1738277239716154521
0.277332067489624,-3.2682089805603027,-2.291224747207806,1738277239765717719
0.26582735776901245,-3.2814972400665283,-2.27691892448297,1738277239816023936
0.25557488203048706,-3.294137716293335,-2.26531247836906,1738277239862053439
0.2460116147994995,-3.3061344623565674,-2.252712266145294,1738277239906623162
0.2310369312763214,-3.325845718383789,-2.2309060834193537,1738277239977276157
0.22137266397476196,-3.338881254196167,-2.215999975830592,1738277240022750888
0.21179398894309998,-3.351799964904785,-2.2034471114824354,1738277240066798322
0.20170162618160248,-3.366630792617798,-2.189980365223772,1738277240114950839
0.1913086324930191,-3.3817620277404785,-2.176055791724026,1738277240165689947
0.18143829703330994,-3.3968679904937744,-2.161775123894976,1738277240216858399
0.17223915457725525,-3.4110636711120605,-2.1470644072788185,1738277240263217477
0.16035130620002747,-3.430715799331665,-2.126630676612475,1738277240326040884
0.15089912712574005,-3.445749282836914,-2.1101546139016816,1738277240377609491
0.14275223016738892,-3.460329294204712,-2.097259249329105,1738277240422858975
0.135234534740448,-3.4739980697631836,-2.084403558265972,1738277240466610765
0.12636947631835938,-3.490220069885254,-2.0715861283772496,1738277240516602182
0.11815731972455978,-3.5066707134246826,-2.0578345049815505,1738277240565717651
0.10807862877845764,-3.5265462398529053,-2.038601855938577,1738277240625930970
0.10031040757894516,-3.5428881645202637,-2.022956534553469,1738277240676837675
0.09264913946390152,-3.55956768989563,-2.007240791001928,1738277240725707612
0.08575169742107391,-3.5752527713775635,-1.993280121855686,1738277240773721157
0.07864920049905777,-3.592222213745117,-1.9783548214459392,1738277240823502080
0.07257463783025742,-3.607069492340088,-1.9656988863556766,1738277240866654011
0.0659203752875328,-3.6240999698638916,-1.9503560607114518,1738277240916769453
0.059504806995391846,-3.641286611557007,-1.934747780073248,1738277240970094397
0.05269628390669823,-3.66021466255188,-1.9171480004136479,1738277241026339000
0.048393722623586655,-3.673204183578491,-1.904787955651677,1738277241076576910
0.044840432703495026,-3.6839382648468018,-1.894861310638643,1738277241126915657
0.04213463142514229,-3.6926090717315674,-1.8876470221293988,1738277241174635130
0.038880012929439545,-3.7031164169311523,-1.880140727409385,1738277241224704480
0.035390011966228485,-3.714885950088501,-1.8715930040989899,1738277241265902082
0.03091185726225376,-3.731144666671753,-1.8595294324558322,1738277241316147750
0.026016300544142723,-3.7491180896759033,-1.846543714543922,1738277241368710133
0.020040389150381088,-3.77199125289917,-1.834084726768405,1738277241426618494
0.016365710645914078,-3.7869620323181152,-1.8232459518307207,1738277241462965478
0.0110179353505373,-3.810147523880005,-1.8026483997484968,1738277241528605135
0.007330560125410557,-3.8271687030792236,-1.7894037543704797,1738277241574604172
0.0036438771057873964,-3.845691680908203,-1.7762744067847456,1738277241624613929
0.0003248422872275114,-3.862187623977661,-1.762598799524347,1738277241667730619
-0.002803910057991743,-3.881072759628296,-1.7499317312999512,1738277241717815583
-0.006684461142867804,-3.90673828125,-1.7301941729522845,1738277241785552266
-0.008408606052398682,-3.9181180000305176,-1.720525315991331,1738277241815633750
-0.011372717097401619,-3.9423587322235107,-1.7002946836345463,1738277241877798360
-0.01267755776643753,-3.953892707824707,-1.691773212020264,1738277241905845706
-0.015287338756024837,-3.980903387069702,-1.6735879390830601,1738277241975827730
-0.016855711117386818,-4.000942230224609,-1.6601446943091567,1738277242026671068
-0.01781175658106804,-4.01664400100708,-1.6487367995654136,1738277242066668449
-0.019219163805246353,-4.035816192626953,-1.6332928486445615,1738277242117647217
-0.01983652263879776,-4.055063247680664,-1.6178372101156555,1738277242166735596
-0.02059450000524521,-4.074999809265137,-1.6016946540397792,1738277242216306978
-0.020715519785881042,-4.0946149826049805,-1.5880886698479448,1738277242266689331
-0.0206547100096941,-4.118361473083496,-1.573732434159677,1738277242326046457
-0.020209750160574913,-4.138251304626465,-1.5610855282680984,1738277242375952880
-0.01974882371723652,-4.158295631408691,-1.546751516132937,1738277242426664394
-0.018921492621302605,-4.174203872680664,-1.5348425783942767,1738277242466617767
-0.017862709239125252,-4.194152355194092,-1.5204368329205387,1738277242515929797
-0.01630019210278988,-4.214284896850586,-1.5075165103378048,1738277242566734195
-0.014441635459661484,-4.238383769989014,-1.493011352399954,1738277242626526501
-0.012208166532218456,-4.258523464202881,-1.4816942033635967,1738277242676141429
-0.010138491168618202,-4.2785258293151855,-1.4697147657897096,1738277242725851256
-0.007719102315604687,-4.298606872558594,-1.4579890040210648,1738277242776695647
-0.0051817698404192924,-4.318875312805176,-1.4451769321310861,1738277242826781404
-0.0027574063278734684,-4.334444999694824,-1.4353849575142898,1738277242866641044
0.0002834277111105621,-4.354273319244385,-1.4215903733899342,1738277242917628265
0.003719222266227007,-4.373727798461914,-1.4088498799076454,1738277242965623371
0.007395029067993164,-4.394257068634033,-1.3981109945127417,1738277243016654654
0.012228855863213539,-4.41882848739624,-1.3841852520563809,1738277243077724842
0.01611601747572422,-4.43861722946167,-1.3726856380524202,1738277243126615194
0.020609484985470772,-4.4584126472473145,-1.3612679204022098,1738277243176685075
0.025048842653632164,-4.4783525466918945,-1.3515106367517369,1738277243226614601
0.028945019468665123,-4.494475841522217,-1.3432134600872416,1738277243266630339
0.03383205458521843,-4.514579772949219,-1.332810346496283,1738277243316845769
0.0388960987329483,-4.5342817306518555,-1.3228029375119208,1738277243366837806
0.045473359525203705,-4.55811882019043,-1.3101286006232564,1738277243426411324
0.04964015260338783,-4.573673725128174,-1.300744214771444,1738277243465851578
0.05668027326464653,-4.597021102905273,-1.2856775438164965,1738277243525847699
0.06278523802757263,-4.616791248321533,-1.2735492720056483,1738277243576767896
0.0692969411611557,-4.636557579040527,-1.2626483470906509,1738277243626789394
0.0746723860502243,-4.652369499206543,-1.2549709272054763,1738277243666683612
0.08125226944684982,-4.671628475189209,-1.2459784903691427,1738277243716608664
0.08812392503023148,-4.690890312194824,-1.235505223361151,1738277243766803872
0.09664078801870346,-4.713773727416992,-1.222228356022761,1738277243826516037
0.10369417071342468,-4.733192443847656,-1.2109471124558773,1738277243876142951
0.1115700751543045,-4.75222110748291,-1.1999887995338956,1738277243927823956
0.1193109005689621,-4.771389484405518,-1.190814196742463,1738277243976634819
0.12751993536949158,-4.790564060211182,-1.1807548855661791,1738277244026730989
0.1339796930551529,-4.805620193481445,-1.1712869749489065,1738277244066624816
0.14242418110370636,-4.824584484100342,-1.159509353229838,1738277244116644631
0.15075013041496277,-4.843295097351074,-1.1470973806008278,1738277244165896836
0.16114509105682373,-4.865407943725586,-1.1350011482732036,1738277244226526531
0.1681242734193802,-4.8800740242004395,-1.127964772895939,1738277244265929961
0.17906062304973602,-4.902224540710449,-1.1169480332160668,1738277244326313955
0.1883297711610794,-4.920873641967773,-1.1070099644741713,1738277244376691361
0.19802118837833405,-4.9391350746154785,-1.0969127743765883,1738277244426644931
0.20570196211338043,-4.953603267669678,-1.089524247864837,1738277244466650815
0.21559463441371918,-4.971850395202637,-1.0801639397580822,1738277244516111923
0.2254810780286789,-4.989452362060547,-1.0697801952722275,1738277244566735797
0.23557411134243011,-5.007095813751221,-1.0580323021582396,1738277244616784370
0.24593216180801392,-5.0246782302856445,-1.0464674974909827,1738277244666731303
0.2584042251110077,-5.045594692230225,-1.0328237073526374,1738277244726625673
0.2692883014678955,-5.062840938568115,-1.0237182804283986,1738277244776718156
0.27984723448753357,-5.079984188079834,-1.0143167468080665,1738277244826699236
0.28883033990859985,-5.0935492515563965,-1.0075681239902792,1738277244867718945
0.3000665605068207,-5.110891819000244,-0.9984861425170494,1738277244916651034
0.3114808201789856,-5.128026008605957,-0.9897275479460355,1738277244966066336
0.32287025451660156,-5.144949436187744,-0.9781411683639588,1738277245016232882
0.3366629183292389,-5.164225101470947,-0.9647847316104742,1738277245076196980
0.34822556376457214,-5.18057107925415,-0.956213455215359,1738277245126582605
0.3600935637950897,-5.196618556976318,-0.9467870585411903,1738277245176644106
0.37120193243026733,-5.211410045623779,-0.9390716362543139,1738277245220908648
0.38354912400245667,-5.227813243865967,-0.9282487583531537,1738277245274775807
0.3950876295566559,-5.243041038513184,-0.9193971399414441,1738277245319768437
0.40622347593307495,-5.256778717041016,-0.9112551641947243,1738277245361853399
0.4185235798358917,-5.272592544555664,-0.9031179721930274,1738277245412356397
0.4361690878868103,-5.294497489929199,-0.8919693819375046,1738277245480409101
0.44357046484947205,-5.303830623626709,-0.8877779088329437,1738277245510813114
0.4595526456832886,-5.323179721832275,-0.8773346773075041,1738277245572650308
0.4727362096309662,-5.338416576385498,-0.8687873279690406,1738277245621852700
0.48511001467704773,-5.352966785430908,-0.8588735182169827,1738277245670710384
0.49919700622558594,-5.368168354034424,-0.8492682831623786,1738277245721751843
0.5099791288375854,-5.380646705627441,-0.8417842442902979,1738277245762656296
0.5235364437103271,-5.395356178283691,-0.8344457070065315,1738277245811567539
0.5426802039146423,-5.416135311126709,-0.8221630933119285,1738277245881113322
0.5536066293716431,-5.427454948425293,-0.8147953417316637,1738277245922644832
0.5674726963043213,-5.441649436950684,-0.8062608749476843,1738277245971391945
0.5816581845283508,-5.456185340881348,-0.7974239778761125,1738277246022481198
0.596397876739502,-5.470790386199951,-0.7903013520212573,1738277246070913918
0.6111076474189758,-5.4850382804870605,-0.7815608265915324,1738277246121158168
0.6228594779968262,-5.496520042419434,-0.7747471445173678,1738277246162092488
0.6374340057373047,-5.510099411010742,-0.7666937067151833,1738277246211347065
0.6516957879066467,-5.523482799530029,-0.7579397375349459,1738277246260983981
0.6695044040679932,-5.53974723815918,-0.7463301375390959,1738277246321521902
0.6844663023948669,-5.553117752075195,-0.7375935995640349,1738277246371172105
