odom_x, odom_y, odom_th, odom_vx, odom_yawrate, pf_x, pf_y, pf_th, stamp, 
-4.141188014727959e-08, 4.820000754079956e-08, -4.767081405610794e-07, 4.1382076689045695e-07, 2.7640210191748338e-06, 0.02136766309535478, 0.07108373580778725, 0.015036610659715262, 1741910455133111490, 
-4.141188014727959e-08, 4.820000754079956e-08, -4.767064380027512e-07, 0.0, -1.7247283494725707e-06, 0.018472264520770998, 0.07143654971943952, 0.014628436974816252, 1741910455335729012, 
-4.141188014727959e-08, 4.820000754079956e-08, -4.7670718803771166e-07, 0.0, 1.217638214257022e-06, 0.02315379610645424, 0.07122905016314231, 0.017610942079228135, 1741910455531797315, 
-4.141188014727959e-08, 4.820000754079956e-08, -4.767069225490759e-07, 0.0, 2.284708898514509e-06, 0.024152560505510474, 0.06775835560994715, 0.021019962928438628, 1741910455725569908, 
-6.211786995891089e-08, 7.230002552205406e-08, -7.15121093168548e-07, 0.0, 1.507055230831611e-06, 0.02446758292724739, 0.07210875917674373, 0.01985477977317618, 1741910455932068040, 
-6.211786995891089e-08, 7.230002552205406e-08, -7.151198143525719e-07, 0.0, 5.317988325259648e-07, 0.02074506680816165, 0.06817574799078366, 0.019223570191529395, 1741910456045646997, 
-6.211786995891089e-08, 7.230002552205406e-08, -7.151172328003923e-07, 0.0, 0.0, 0.018660966184077612, 0.06709602120997225, 0.01658220263366437, 1741910456235533721, 
-6.211786995891089e-08, 7.230002552205406e-08, -7.151249967735221e-07, 0.0, -1.7372208276356105e-06, 0.022073349285201674, 0.07103181940219319, 0.0167288763825427, 1741910456330787725, 
-6.211786995891089e-08, 7.230002552205406e-08, -7.151131733645768e-07, 0.0, 1.0311801412754562e-10, 0.023937456056646503, 0.07007297411587424, 0.017245982963940747, 1741910456446074634, 
0.0036351867020130157, -0.0004495276079978794, 0.02837762451546408, 0.05585437334996183, 0.4143531322479248, 0.02743764430091887, 0.06444073343892306, 0.033619433379049365, 1741910456635581816, 
0.009780501015484333, -0.0006102490006014705, 0.07540899049072482, 0.05500868413311072, 0.4466021955013275, 0.028021268249075488, 0.07310492057585452, 0.08148448494798494, 1741910456736524359, 
0.022828832268714905, 0.0003486693021841347, 0.17532560527760988, 0.09261165976281663, 0.545362114906311, 0.036065704453362324, 0.07593487401233916, 0.1495411798952723, 1741910456925599455, 
0.032137468457221985, 0.0016970145516097546, 0.22985765690291532, 0.08113775627033822, 0.4949023127555847, 0.03983167988195106, 0.07583003665266458, 0.21558721359235122, 1741910457032761185, 
0.04053192585706711, 0.003103284165263176, 0.27965314186654017, 0.08726326536211317, 0.5173692107200623, 0.05516512463212155, 0.08241266007600194, 0.2802941995090589, 1741910457130810445, 
0.04878752678632736, 0.005286965984851122, 0.33173051925921176, 0.08556010785997259, 0.503831684589386, 0.06885744666669075, 0.08664659375804694, 0.35118682599213596, 1741910457229689342, 
0.06455524265766144, 0.011642228811979294, 0.43350732170178, 0.08176338706561076, 0.5330398678779602, 0.0815101981291654, 0.08940623086404703, 0.4180959169550007, 1741910457431651910, 
0.07191035896539688, 0.014992386102676392, 0.48356234420923144, 0.08224983693969917, 0.505628764629364, 0.09087818387663904, 0.0923325621514518, 0.485305138598223, 1741910457530598963, 
0.07910581678152084, 0.018572580069303513, 0.5300179487822478, 0.08617064474022314, 0.5009933710098267, 0.09855011070670178, 0.10176133956361166, 0.5469268346307137, 1741910457625850675, 
0.08722606301307678, 0.023141158744692802, 0.5848592728989203, 0.08266565791542908, 0.5002112984657288, 0.10964203269250827, 0.10515930416846399, 0.6161834852873773, 1741910457736579895, 
0.10072837024927139, 0.0326143242418766, 0.6857666504472691, 0.08291264027613864, 0.5023553967475891, 0.11730968274568981, 0.1120849009243839, 0.6826061199155805, 1741910457935568353, 
0.10685911774635315, 0.03739645332098007, 0.7288571883726422, 0.08790452256499544, 0.46983763575553894, 0.12499078265786655, 0.11784417521310296, 0.7400200148775197, 1741910458025901119, 
0.11298245936632156, 0.04276551306247711, 0.7647314937891107, 0.07860493488544525, 0.3489406406879425, 0.135165851145039, 0.12697301141494574, 0.7912009107019267, 1741910458125534842, 
0.12539060413837433, 0.054747648537158966, 0.838238013769233, 0.08420093390186985, 0.3421749174594879, 0.1444622861353405, 0.13634701411464853, 0.8419357012694552, 1741910458335659482, 
0.13031694293022156, 0.06023592874407768, 0.8694250405340249, 0.08221827524796997, 0.3401632606983185, 0.1480058285093333, 0.14423646186343148, 0.8778114338009553, 1741910458425542472, 
0.1358529031276703, 0.06723937392234802, 0.885791781439101, 0.07907122442528662, 0.07225995510816574, 0.162218002866297, 0.15112394252148062, 0.8981586747165279, 1741910458535658537, 
0.14293202757835388, 0.07597218453884125, 0.8908125961032775, 0.0790261171812366, 0.06679054349660873, 0.17122642534253024, 0.1593897210993035, 0.9043924649382816, 1741910458685696073, 
0.14698706567287445, 0.08154447376728058, 0.8972295232818562, 0.07888255078303229, 0.07651430368423462, 0.17453687174183416, 0.16977831082463835, 0.912186297327723, 1741910458775713284, 
0.15295997262001038, 0.08927474915981293, 0.8994614914835752, 0.08196715329634524, -0.017820382490754128, 0.18358489875975278, 0.1777072078265899, 0.9088747552249058, 1741910458895326099, 
0.16399219632148743, 0.10103577375411987, 0.8751895890082135, 0.06835426586607357, -0.09311827272176743, 0.1915359189459995, 0.1868587025140382, 0.8930972917719853, 1741910459135362634, 
0.16855430603027344, 0.10576756298542023, 0.8684502443100046, 0.07248070577711602, -0.09442756325006485, 0.19173208530450744, 0.19297272091773274, 0.8802595949370271, 1741910459226835869, 
0.17346060276031494, 0.11077042669057846, 0.8511818890047005, 0.06637077004743791, -0.19981874525547028, 0.20019458332350967, 0.20032012346146777, 0.857707921939816, 1741910459325662580, 
0.1785743087530136, 0.11593153327703476, 0.8278353923656839, 0.06832211297799422, -0.22107253968715668, 0.212902424438517, 0.21002186223333227, 0.8308405840394764, 1741910459435718636, 
0.18305176496505737, 0.12074899673461914, 0.8039100759212928, 0.06386821275162963, -0.23224124312400818, 0.2175985088067608, 0.21669736330538558, 0.7982722648826526, 1741910459535679991, 
0.19223199784755707, 0.1295415163040161, 0.7562539126426477, 0.06135084027037792, -0.24169425666332245, 0.2264563692348275, 0.22288546876412757, 0.7720303314546597, 1741910459736024774, 
0.19674722850322723, 0.1333942711353302, 0.7322186339699233, 0.06085922301859006, -0.24224431812763214, 0.22881336118306056, 0.23052560501800412, 0.7368699831040779, 1741910459835297976, 
0.20201359689235687, 0.1376219391822815, 0.7089732001653013, 0.0662107670693545, -0.23137110471725464, 0.23210254938087224, 0.23802877213773388, 0.7067717950890752, 1741910459935581112, 
0.21193763613700867, 0.14491789042949677, 0.6701852038833778, 0.06156641012861091, -0.15697190165519714, 0.23865257820238767, 0.24210864912611296, 0.6859194121516301, 1741910460136189534, 
0.21703553199768066, 0.1485295593738556, 0.6559700529017652, 0.06166574121179369, -0.14683310687541962, 0.2457849726100294, 0.24388395029238952, 0.6649509284448508, 1741910460235263135, 
0.2220819592475891, 0.1522597372531891, 0.639412988565551, 0.06107355005379625, -0.15237222611904144, 0.2535851680035777, 0.25240304637502375, 0.6427393187945841, 1741910460335547588, 
0.2324523776769638, 0.15851309895515442, 0.6086105173958575, 0.06410275240106023, -0.15275444090366364, 0.260788789014747, 0.2625150857857895, 0.6231852901610089, 1741910460536279623, 
0.2373587042093277, 0.161849245429039, 0.595735052320222, 0.05825683919836193, -0.13282598555088043, 0.2631140546479564, 0.26451130312439175, 0.6106101395866018, 1741910460637533707, 
0.23836246132850647, 0.1625848263502121, 0.5912509412274495, -0.006621744899970123, -0.02462681755423546, 0.26814518304589985, 0.2673449370310923, 0.6031448346893878, 1741910460734556079, 
0.24153931438922882, 0.1646592766046524, 0.5890739339055292, 0.06367323989922105, -0.06393106281757355, 0.2727973100167998, 0.271372979707235, 0.5899305168681462, 1741910460825612040, 
0.25352242588996887, 0.17220841348171234, 0.5679439306501218, 0.05846238288831795, -0.06127291917800903, 0.28113772056251324, 0.27861314390086467, 0.5791656328622411, 1741910461036563871, 
0.2581765949726105, 0.17516878247261047, 0.5644313821184417, 0.05570454779055126, -0.03540876880288124, 0.2851726997696521, 0.2819252722304612, 0.5742163731013701, 1741910461133713854, 
0.2676517367362976, 0.1809946745634079, 0.5637232556450069, 0.05473449699644005, 0.02594403363764286, 0.29295723369777804, 0.28414279109267837, 0.5762586644125228, 1741910461336078247, 
0.2726704478263855, 0.18435612320899963, 0.5640653599997983, 0.061176705010155916, 0.0010815939167514443, 0.30073098970097856, 0.29301753126564317, 0.5756406242279902, 1741910461435307788, 
0.2775641679763794, 0.1874297857284546, 0.5647520570526319, 0.05708562316809398, -0.004934150725603104, 0.30934224595836607, 0.2961725536659469, 0.5799042746971602, 1741910461532771214, 
0.2868984043598175, 0.19314929842948914, 0.5657971836621444, 0.054116248654302514, 0.0026860262732952833, 0.316557368242614, 0.2973866324364814, 0.5808384839361036, 1741910461726794711, 
0.29214346408843994, 0.19646687805652618, 0.5670218882004826, 0.056588145812436395, -3.831566573353484e-06, 0.31807995623428725, 0.30415607098968295, 0.5782418199351935, 1741910461835385956, 
0.2970726788043976, 0.19954082369804382, 0.5691111614445209, 0.06146458757387596, 0.02794955112040043, 0.32685979420386013, 0.3082944252634666, 0.583193684514966, 1741910461932991345, 
0.30636194348335266, 0.20550760626792908, 0.5717163000315972, 0.054232740882388844, 0.03621317073702812, 0.3366431349692495, 0.31819633636802425, 0.5864980810196039, 1741910462126234474, 
0.31175753474235535, 0.20904479920864105, 0.5722608534366592, 0.05465927075110227, 0.0, 0.33843475947295887, 0.31857752617410773, 0.5826020751647655, 1741910462236183332, 
0.31606319546699524, 0.21175043284893036, 0.5761365971452984, 0.05501911747242221, 0.053971778601408005, 0.3482100846670488, 0.3219213565337515, 0.5897970571540619, 1741910462331653522, 
0.32107120752334595, 0.21515662968158722, 0.5773728610535339, 0.05097043888117744, 0.01757628843188286, 0.3527942249096439, 0.32797669032778176, 0.5899891923977202, 1741910462445928444, 
0.3298746943473816, 0.22088688611984253, 0.5814116170382205, 0.05110977942249757, 0.010017657652497292, 0.3607205968780996, 0.3331818217283371, 0.5950637821845357, 1741910462635927200, 
0.3342239260673523, 0.22387482225894928, 0.5830558873277356, 0.05756740461136556, 0.027482103556394577, 0.36679573228273776, 0.3374695941840617, 0.5988332145419106, 1741910462731574064, 
0.3391765058040619, 0.22727233171463013, 0.5836813376293291, 0.0512390895774849, 0.008916727267205715, 0.3749701175654345, 0.3366145282939285, 0.6015838085224237, 1741910462846043303, 
0.34716397523880005, 0.23254609107971191, 0.5859557415399878, 0.04767223083065154, 0.011261401697993279, 0.3770233321034794, 0.3403344983480807, 0.5997000302894314, 1741910463035651137, 
0.34909605979919434, 0.23392446339130402, 0.5859554373034399, 0.047343044825384734, -7.137757165764924e-06, 0.38495477979126747, 0.3474653100530737, 0.6040359889859499, 1741910463085754810, 
0.3567655682563782, 0.23901401460170746, 0.5883026255180588, 0.048483656739229615, 0.016465116292238235, 0.3897311458657363, 0.3518022266322922, 0.6017653619276699, 1741910463275524666, 
0.3607600927352905, 0.24190042912960052, 0.5891845029265534, 0.05162996397986542, 0.0, 0.39704067463041837, 0.3571619914748867, 0.606846883814539, 1741910463375709959, 
0.3636304438114166, 0.24361209571361542, 0.589951005095745, 0.009810946691996815, 0.0, 0.39726461832006943, 0.35614486249810634, 0.6073568239580158, 1741910463485591203, 
0.3626353144645691, 0.24297694861888885, 0.5906348213126087, 0.005088820651563366, 0.0, 0.39497667668154224, 0.3547767958361494, 0.6033075228734783, 1741910463625774370, 
0.3629809617996216, 0.2432018369436264, 0.5906348213126087, 0.0, 0.0, 0.3958633520102387, 0.35541951810043576, 0.6072018802643445, 1741910463835356685, 
0.3629809617996216, 0.2432018369436264, 0.5906348213126087, 0.0, 0.0, 0.39639853222704735, 0.3574040045114614, 0.6080416039252715, 1741910463936751337, 
0.3629809617996216, 0.2432018369436264, 0.5906348213126087, 0.0, 0.0, 0.39887531192740716, 0.3591732409424091, 0.6052404936153849, 1741910464025877531, 
0.3666287660598755, 0.24544142186641693, 0.591250513093573, 0.04996043320842222, -0.009048991836607456, 0.4048875643919659, 0.36148662823031597, 0.608986781543971, 1741910464137747847, 
0.3740667700767517, 0.250398725271225, 0.5919286751556512, 0.04177169236368332, 0.0, 0.4081113903838027, 0.3640548819791291, 0.6046236548781173, 1741910464332869314, 
0.37747034430503845, 0.2529681324958801, 0.5909549819245813, 0.04576054686846522, -0.01159172784537077, 0.41578231290367756, 0.3693092849866545, 0.6078851726294091, 1741910464428705646, 
0.3812807500362396, 0.2554977536201477, 0.5909549819245813, 0.04283185953218846, 0.0, 0.4225544552494757, 0.3714730232236348, 0.6088529417899898, 1741910464526183283, 
0.38902661204338074, 0.2606350779533386, 0.5909550486182421, 0.05055086324573945, 1.1924856835321407e-06, 0.4220678779193873, 0.37625702402975486, 0.6059043952933022, 1741910464735663993, 
0.39218729734420776, 0.26261889934539795, 0.5902176984146936, 0.03858194041415594, 0.0, 0.4263287808148266, 0.37375199570134476, 0.6035728720937653, 1741910464825907749, 
0.39572253823280334, 0.2648254334926605, 0.5902176984146936, 0.04362390523772429, 0.0, 0.4330479732928813, 0.3821004041596486, 0.6064206419691994, 1741910464926091606, 
0.3997618556022644, 0.2676244080066681, 0.5902176984146936, 0.04433193061084194, 0.0, 0.4390176593557317, 0.3871382779318254, 0.6061889659885793, 1741910465035756117, 
0.4033437967300415, 0.27017679810523987, 0.5912127586588256, 0.04363606321096262, 0.0015678447671234608, 0.4442920992467038, 0.3904872027641433, 0.6060035644704165, 1741910465135597792, 
0.4098849892616272, 0.27463459968566895, 0.5904870997201229, 0.03688630165363759, 0.0, 0.4505587294362163, 0.3981340146924732, 0.610959950199933, 1741910465325620313, 
0.41350114345550537, 0.2771466076374054, 0.5909430623897947, 0.04188820848641772, 0.0, 0.45725717775083263, 0.398972172119061, 0.6065979233989329, 1741910465436015232, 
0.41699376702308655, 0.27936244010925293, 0.5909430623897947, 0.03972537386376727, 0.0, 0.4582719508879413, 0.39954011542776197, 0.6055756804174648, 1741910465535661144, 
0.42391237616539, 0.28390321135520935, 0.5909430623897947, 0.0448999988365989, 0.0, 0.46315171726983306, 0.40290871738907996, 0.603043083270219, 1741910465735566227, 
0.43022388219833374, 0.28839364647865295, 0.5917389588779169, 0.03826218783871713, -0.006933001335710287, 0.4695718750887956, 0.40598844952447777, 0.6086081837166029, 1741910465935913614, 
0.4335029423236847, 0.29033493995666504, 0.5909092921015937, 0.04251779513880502, -0.01655036211013794, 0.4731663819672979, 0.4047621637387452, 0.6081614696156996, 1741910466025763869, 
0.43652552366256714, 0.29246875643730164, 0.591171720909033, 0.031249520327908353, 0.004348386079072952, 0.4776813844361611, 0.4134091784896096, 0.606010774368456, 1741910466135775711, 
0.4385870099067688, 0.29403072595596313, 0.5891302359205416, 0.036737325248035434, 2.0118892280152068e-05, 0.4772710594920668, 0.41301241693041657, 0.6032906422529547, 1741910466215891561, 
0.4424005150794983, 0.29658278822898865, 0.5879113016954118, 0.03723107595423674, -0.005187686532735825, 0.4819110597393174, 0.41742798914532375, 0.6022077174596255, 1741910466335668073, 
0.44855138659477234, 0.3008826673030853, 0.5878124557386124, 0.03656772275510961, -0.011721262708306313, 0.48503545354995065, 0.4213103005109921, 0.6013517515968455, 1741910466536000650, 
0.4515834450721741, 0.3029007613658905, 0.5875954011116974, 0.03611527970596255, -0.006108099594712257, 0.49420578117003006, 0.4257129570506459, 0.6020167900798269, 1741910466635921289, 
0.4545519948005676, 0.3049425184726715, 0.5873953463673088, 0.037488218892123254, -0.0018973059486597776, 0.4950788815154055, 0.42413020711802535, 0.6036317405545654, 1741910466735647856, 
0.4610055088996887, 0.30920684337615967, 0.5869437037938664, 0.03661225013065835, -0.008165291510522366, 0.4991561118733756, 0.4271002991828068, 0.599101912549051, 1741910466936595789, 
0.46378013491630554, 0.311017781496048, 0.5873587419222366, 0.03285210018436682, 0.003880851436406374, 0.5060307163764541, 0.43433233668925764, 0.6010917966224956, 1741910467037895542, 
0.46670615673065186, 0.3129469156265259, 0.5865480533589865, 0.03513385721208314, 0.0008676239522174001, 0.5076933032467102, 0.43745260950183434, 0.5980542126771115, 1741910467134787432, 
0.4692263603210449, 0.314595103263855, 0.5864053297992512, 0.03336623590410438, 0.011057630181312561, 0.5138435619307719, 0.4418815785247078, 0.6043170075536116, 1741910467227621009, 
0.47552406787872314, 0.31886404752731323, 0.5872890092370047, 0.036953592493106244, 0.008565015159547329, 0.516964671267867, 0.44070981756509836, 0.6022504759174983, 1741910467437748664, 
0.47830480337142944, 0.320637047290802, 0.5863238282758619, 0.03340441994288747, -0.006451949942857027, 0.5195738470040622, 0.44237259002875773, 0.6000353081305599, 1741910467534891594, 
0.4809234142303467, 0.3223625123500824, 0.5865040129726623, 0.03594344711621298, 0.011782069690525532, 0.526691670366979, 0.4467682216212993, 0.6037371882623066, 1741910467625861071, 
0.48679909110069275, 0.32620319724082947, 0.5867536023332033, 0.03380843483997938, -0.004704438615590334, 0.529730817129813, 0.44890520051189925, 0.5996502639949365, 1741910467835261677, 
0.4893971085548401, 0.32805752754211426, 0.5859838489042484, 0.03389188224009779, 0.008208980783820152, 0.5289987024561514, 0.45362716387801, 0.5999671415167125, 1741910467933932585, 
0.491900771856308, 0.32981202006340027, 0.5864204307957983, 0.03299047549604528, 0.013204552233219147, 0.5345306080796254, 0.4576876277272094, 0.6030065691491876, 1741910468025755585, 
0.4972561299800873, 0.3334280848503113, 0.5857906156941, 0.030040846647774695, 4.7300745791289955e-06, 0.5377128842735994, 0.45608064666301523, 0.599548454357174, 1741910468235387747, 
0.49976053833961487, 0.33515384793281555, 0.5862694756132247, 0.032932726783000375, 0.00569054763764143, 0.5404737906441851, 0.45749338844954096, 0.595792521954406, 1741910468332752285, 
0.5022444725036621, 0.33691465854644775, 0.5865573886006761, 0.031147078159100713, 0.005695570260286331, 0.5463196440217962, 0.46161543409767636, 0.5988284078129652, 1741910468426703970, 
0.5074847340583801, 0.3402214050292969, 0.5861779928953978, 0.03241736165683343, 0.0, 0.5516079359393554, 0.46399099037946323, 0.6013304487579978, 1741910468636065760, 
0.5099160075187683, 0.34203287959098816, 0.5844215171370991, 0.030624232563505733, -0.017619427293539047, 0.550950521475307, 0.46786118571492996, 0.5977635659592787, 1741910468732832886, 
0.5125277638435364, 0.34364110231399536, 0.5837230678289541, 0.025297377264780603, -0.00989609770476818, 0.5539799861860982, 0.469528195477539, 0.6006340963090084, 1741910468846806270, 
0.5174338817596436, 0.34694933891296387, 0.5833899229131163, 0.033099763976056365, 0.0, 0.5587778063146881, 0.47423278890764864, 0.6007408713036836, 1741910469036850831, 
0.5198297500610352, 0.3486154079437256, 0.5840405792326515, 0.03028868180980292, 0.011089125648140907, 0.5652931392475711, 0.47429935786079075, 0.6010052432176793, 1741910469131977105, 
0.5246452689170837, 0.35173848271369934, 0.5841213799402207, 0.026971425467987788, -0.0017196834087371826, 0.5627843096084728, 0.47551861904210097, 0.5986355195379472, 1741910469335472081, 
0.5272326469421387, 0.3533967435359955, 0.5841213799402207, 0.031340066658894876, 0.0, 0.5677047249336026, 0.4757627722549384, 0.5984022121382047, 1741910469435609776, 
0.5295845866203308, 0.35494691133499146, 0.5836557761002376, 0.026821509442039548, -0.008882065303623676, 0.5756418422070017, 0.48382830777717734, 0.6019375903808175, 1741910469538019343, 
0.5316978693008423, 0.3563750684261322, 0.5836557761002376, 0.02982018037677657, 0.0, 0.5759384433148778, 0.4829651853605059, 0.5998814479978122, 1741910469626512603, 
0.5344594717025757, 0.35805901885032654, 0.5836557761002376, 0.030287922741892657, 0.0, 0.5762419072270643, 0.48461027601000084, 0.5961877295997566, 1741910469736767755, 
0.539366602897644, 0.3612782061100006, 0.5836557761002376, 0.028873304029460135, 0.0, 0.5811879647604971, 0.4899979178982826, 0.5997484504028037, 1741910469936739657, 
0.541297197341919, 0.36262479424476624, 0.5836557761002376, 0.023858958980478493, 0.0, 0.5827157074310635, 0.4913137700561591, 0.5986545180508305, 1741910470025765134, 
0.5438719987869263, 0.36436858773231506, 0.5836557761002376, 0.02892937564773377, 0.0, 0.5882835698487778, 0.49513403244932563, 0.6026504742951845, 1741910470136943964, 
0.5488436222076416, 0.3676416873931885, 0.5818412231057195, 0.030199406159026193, -0.005198977421969175, 0.591495743586607, 0.49807655682695, 0.5997748572739499, 1741910470332689492, 
0.5511691570281982, 0.3692360818386078, 0.5811903273996908, 0.03019616380760585, -0.007237370125949383, 0.5944766407657611, 0.5005033113911733, 0.5956394438134729, 1741910470431061856, 
0.5534058213233948, 0.3706689774990082, 0.5810215314874363, 0.028667503143957843, -0.003432916710153222, 0.5977201276902917, 0.5012745538947253, 0.5942743365841473, 1741910470520837360, 
0.5585189461708069, 0.37398409843444824, 0.5797104619880564, 0.02733855242473774, 0.0, 0.6040051384349298, 0.5085225450209842, 0.5968061742493395, 1741910470730673362, 
0.5606973171234131, 0.3753686845302582, 0.5794621442614989, 0.028035790135830845, 0.0, 0.6091888566869721, 0.5065250676955484, 0.5960309274606149, 1741910470825788324, 
0.5636687278747559, 0.3773553967475891, 0.5785629453636825, 0.03259471407110695, 0.0, 0.6097048879143282, 0.5097382800717171, 0.5971739719998893, 1741910470937398016, 
0.5662779808044434, 0.3790743052959442, 0.5769710969829926, 0.032043404207616276, 0.0, 0.6128615812313264, 0.5097893228369821, 0.5936053795677366, 1741910471037186095, 
0.5707850456237793, 0.38215866684913635, 0.5743614661580551, 0.028895938136807908, -0.03218914568424225, 0.616916653510137, 0.5116549351513714, 0.5899367571541257, 1741910471225777491, 
0.573704183101654, 0.3839959502220154, 0.5728708726154842, 0.03201922816144913, -0.025228075683116913, 0.6202668033592704, 0.5170231663013936, 0.5877072651413546, 1741910471337007694, 
0.5788346529006958, 0.38738879561424255, 0.5692234365368455, 0.028173144134210366, -0.041844870895147324, 0.6221846888965621, 0.516932801307698, 0.5840610420921002, 1741910471536699517, 
0.5816214084625244, 0.3889620006084442, 0.5692234365368455, 0.03906693506994667, 0.0, 0.6259998394441254, 0.51972725437237, 0.5870326377375998, 1741910471625816893, 
0.5846149325370789, 0.390891969203949, 0.5692234365368455, 0.02740499854242462, 0.0, 0.6299305731473732, 0.5232846836977061, 0.5848242120269318, 1741910471736307624, 
0.5884845852851868, 0.3932969868183136, 0.5667658951041538, 0.0268103301522441, 0.0, 0.6302272164740628, 0.5266911521010776, 0.5828458681265678, 1741910471936818952, 
0.5907508134841919, 0.3946930766105652, 0.5657186316256483, 0.028938696046866316, 0.0, 0.6382910466565821, 0.5306575426817446, 0.5832195461824412, 1741910472027792034, 
0.5929693579673767, 0.3961683213710785, 0.5655580094261933, 0.026362768064417747, 0.015265293419361115, 0.6407130524628406, 0.5321398986360599, 0.584398359988622, 1741910472126514112, 
0.5979732275009155, 0.39930468797683716, 0.5645799714137786, 0.027811210156395413, -0.015954842790961266, 0.6426872835957467, 0.5319315533497482, 0.5839719430247168, 1741910472336765308, 
0.5978199243545532, 0.3991497755050659, 0.5655424988631754, -0.008249785666600782, 0.006115564610809088, 0.6447533589322798, 0.5347137077990839, 0.5860026954158767, 1741910472427977621, 
0.597550630569458, 0.39903661608695984, 0.5642271665669448, -0.00026127052446012493, 0.003762835403904319, 0.6449047829188534, 0.5363847747699151, 0.5817389457338857, 1741910472526449188, 
0.6001189947128296, 0.4006451666355133, 0.5650203681070254, 0.038799322990326755, -0.027269095182418823, 0.6484344356902972, 0.5357847565463965, 0.580970737478976, 1741910472637101202, 
0.6025715470314026, 0.40226057171821594, 0.5636573461892932, 0.02684644531792113, 0.0022451465483754873, 0.6489630283356894, 0.5335889814480512, 0.582395861133536, 1741910472736745167, 
0.6075244545936584, 0.4053491950035095, 0.5619780615503561, 0.03226012664200578, -0.00286908564157784, 0.6519562408987678, 0.5398685868969435, 0.577419796938544, 1741910472926406164, 
0.6104483008384705, 0.40723535418510437, 0.5606473451728929, 0.03093546667809141, -0.01867106184363365, 0.6586590237769943, 0.5400863949177223, 0.5774349941396993, 1741910473035736835, 
0.6128082275390625, 0.4087585210800171, 0.5615101656596738, 0.027927713895775006, 0.013237128965556622, 0.6573953657654052, 0.5433507983900256, 0.5783697485445359, 1741910473135708260, 
0.6176723837852478, 0.41170138120651245, 0.5607970970062774, 0.02774275232610296, -0.008904783986508846, 0.6602647963573982, 0.5462584630391655, 0.5777500796327163, 1741910473336703457, 
0.6200026869773865, 0.41311201453208923, 0.5610790152539801, 0.025270954065217267, 0.0, 0.6657185562861582, 0.5516117736305959, 0.5767621055856104, 1741910473438784793, 
0.6222572326660156, 0.41464799642562866, 0.5615680509942605, 0.027421074666081107, -0.0014893210027366877, 0.6700902935009041, 0.5543725826466174, 0.582164105897489, 1741910473535757402, 
0.6271098256111145, 0.41752704977989197, 0.5604283908705578, 0.028118809899915494, -0.009816963225603104, 0.6754989141191506, 0.5523975823770128, 0.5813563758975712, 1741910473736340883, 
0.629387378692627, 0.4189818501472473, 0.5602488431971786, 0.02508153346834945, -0.009363028220832348, 0.673993862729926, 0.5546036429879666, 0.5791546249456178, 1741910473836737659, 
0.6296355724334717, 0.4191500246524811, 0.5609037166254373, -0.0036892268682931573, 0.0027797315269708633, 0.6788498003854736, 0.5604847617134324, 0.5824566055688128, 1741910473934774188, 
0.6317351460456848, 0.4205711781978607, 0.5595530007048247, 0.036381861760929016, -0.020390158519148827, 0.6827050669666144, 0.5633874608971797, 0.5761441385054556, 1741910474027224057, 
0.637535035610199, 0.42405492067337036, 0.5535545124787027, 0.03458041072082059, -0.03843339905142784, 0.6842197132250054, 0.5634025162068839, 0.5692935129595051, 1741910474236713943, 
0.6402783989906311, 0.425931841135025, 0.5508364252649868, 0.036708981259406095, -0.019246019423007965, 0.6876878549401636, 0.563696805218223, 0.569820029821791, 1741910474333743501, 
0.6429146528244019, 0.4274695813655853, 0.549271744863303, 0.03153748258144633, -0.024940073490142822, 0.6904523998686217, 0.5647176487799588, 0.5630063628015346, 1741910474427051184, 
0.648520290851593, 0.4307684004306793, 0.5422583723378542, 0.034951627478108066, -0.04976189136505127, 0.6960925095685289, 0.5701426239026236, 0.5570839376419968, 1741910474636830070, 
0.6512103080749512, 0.43247050046920776, 0.5387963162567051, 0.03195479106846826, -0.03334048017859459, 0.6980627760239462, 0.5733864422017633, 0.5528888835308543, 1741910474734106597, 
0.6563268303871155, 0.4353051483631134, 0.5321185323816976, 0.027804460255646493, -0.01979902572929859, 0.7039548347001371, 0.5765911602297437, 0.5538235877426707, 1741910474927637225, 
0.6590710282325745, 0.4369300901889801, 0.5316508547497343, 0.02831346587243788, 0.0, 0.7063964577863847, 0.5813145779244432, 0.5542534636238157, 1741910475036682517, 
0.6615284085273743, 0.4383941888809204, 0.531009089760592, 0.031239438279207325, -0.016615280881524086, 0.7118811108572597, 0.584790897793553, 0.5519170369933476, 1741910475132302523, 
0.666592001914978, 0.44128185510635376, 0.5298005575350674, 0.027520828357068327, -0.0036768608260899782, 0.7121503865201925, 0.583130403136004, 0.5509544323279474, 1741910475336942523, 
0.6687957644462585, 0.4426366984844208, 0.5295354960176709, 0.02698745728882185, 1.8634037814990734e-06, 0.7176958373922657, 0.5867248997201471, 0.5497271465512598, 1741910475436777011, 
0.6714348196983337, 0.44410115480422974, 0.5306217873661898, 0.030593832506850854, 0.017702443525195122, 0.7231844027185074, 0.5854709613125506, 0.5513406644934095, 1741910475532986773, 
0.6765171885490417, 0.4471414387226105, 0.5292901533309387, 0.031241728006062886, -2.633713393151993e-06, 0.724155171576334, 0.5889025146288739, 0.5491668160669796, 1741910475737090877, 
0.6798180937767029, 0.4490005671977997, 0.5269179454759465, 0.03695764839774734, -0.02794077806174755, 0.7265631264121265, 0.5870243054615973, 0.5461309792980797, 1741910475836591726, 
0.6825938820838928, 0.4507485330104828, 0.5213299127537344, 0.02943524144270839, -0.06415616720914841, 0.7323088544189742, 0.5882318241729605, 0.5367842587324575, 1741910475938096805, 
0.685632050037384, 0.45211920142173767, 0.5156944542808494, 0.029928555629147643, -0.03450573980808258, 0.7356029366961249, 0.5954255100362955, 0.5350320987242158, 1741910476046647571, 
0.690658688545227, 0.45511823892593384, 0.5177878084837879, 0.03498110740008531, 0.02470952458679676, 0.7387719794773293, 0.5996737404148508, 0.5381900960322605, 1741910476236357751, 
0.6939294338226318, 0.45674848556518555, 0.5200341027144106, 0.034810017295297827, 0.0, 0.7435941309776135, 0.602200052062092, 0.54013052148275, 1741910476336968541, 
0.696667492389679, 0.45842841267585754, 0.5218607242029221, 0.03634710760072912, 0.020138463005423546, 0.7478452486151441, 0.599411641358291, 0.5475704006394034, 1741910476426423797, 
